date,store_nbr,family,sales,onpromotion,item_count,perishable_share,city,state,type,cluster,transactions,dcoilwtico,holiday,national_holiday,holiday_event_count,national_event_count,year,month,day,day_of_week,week_of_year,day_name,is_weekend,city_code,state_code,store_type_code,day_name_code,lag_1,lag_7,lag_14,lag_28,rolling_mean_7,rolling_std_7,rolling_mean_14,rolling_std_14,rolling_mean_28,rolling_std_28,predicted_sales
2017-05-18,1,BEVERAGES,2154.0,26,332,0.0,Quito,Pichincha,D,13,1662.0,49.36,0,0,0,0,2017,5,18,3,20,Thursday,0,0,0,0,4,2374.0,1701.0,2454.0,1948.0,2085.8571428571427,595.679284115049,2096.0714285714284,549.4028176520017,2097.3571428571427,618.1577896541082,2068.779063938046
2017-05-19,1,BEVERAGES,2743.0,30,354,0.0,Quito,Pichincha,D,13,1897.0,50.32,0,0,0,0,2017,5,19,4,20,Friday,0,0,0,0,0,2154.0,2472.0,2243.0,2600.0,2150.5714285714284,570.9955800012465,2074.6428571428573,540.1409512828571,2104.714285714286,617.5399136683757,2325.2925985976276
2017-05-20,1,BEVERAGES,2379.0,28,352,0.0,Quito,Pichincha,D,13,1284.0,50.48333333333333,0,0,0,0,2017,5,20,5,20,Saturday,1,0,0,0,2,2743.0,2498.0,2735.0,2785.0,2189.285714285714,604.6182581557105,2110.3571428571427,567.9436059684466,2109.8214285714284,622.3602061430953,2454.4831484616816
2017-05-21,1,BEVERAGES,974.0,23,244,0.0,Quito,Pichincha,D,13,495.0,50.64666666666667,0,0,0,0,2017,5,21,6,20,Sunday,1,0,0,0,3,2379.0,883.0,1019.0,1047.0,2172.285714285714,596.1044970712591,2084.9285714285716,545.345122099579,2095.3214285714284,610.6667305659493,1129.0810747564353
2017-05-22,1,BEVERAGES,2620.0,25,350,0.0,Quito,Pichincha,D,13,1758.0,50.81,0,0,0,0,2017,5,22,0,21,Monday,0,0,0,0,1,974.0,2280.0,2317.0,2419.0,2185.285714285714,563.3961644307186,2081.714285714286,552.2005528333461,2092.714285714286,615.4452683276378,2157.433144462543
2017-05-23,1,BEVERAGES,2365.0,25,333,0.0,Quito,Pichincha,D,13,1701.0,51.12,0,0,0,0,2017,5,23,1,21,Tuesday,0,0,0,0,5,2620.0,2393.0,1943.0,2083.0,2233.8571428571427,587.0807521319502,2103.3571428571427,567.8478408250513,2099.8928571428573,620.5431515294104,2208.403221641795
2017-05-24,1,BEVERAGES,2611.0,26,341,0.0,Quito,Pichincha,D,13,1844.0,50.99,0,0,0,0,2017,5,24,2,21,Wednesday,0,0,0,0,6,2365.0,2374.0,2033.0,2608.0,2229.8571428571427,585.9099557017983,2133.5,569.8776859318843,2109.964285714286,622.5440327810737,2253.369217160793
2017-05-25,1,BEVERAGES,2229.0,27,339,0.0,Quito,Pichincha,D,13,1663.0,48.57,0,0,0,0,2017,5,25,3,21,Thursday,0,0,0,0,4,2611.0,2154.0,1701.0,2022.0,2263.714285714286,602.2473783769519,2174.785714285714,582.8266899769202,2110.0714285714284,622.6331735324328,2069.9150941980065
2017-05-26,1,BEVERAGES,1100.0,21,221,0.0,Quito,Pichincha,D,13,580.0,49.58,1,1,1,1,2017,5,26,4,21,Friday,0,0,0,0,0,2229.0,2743.0,2472.0,2235.0,2274.4285714285716,600.6351796620189,2212.5,566.6693174900313,2117.464285714286,622.7776181272185,1370.4672588368626
2017-05-27,1,BEVERAGES,2270.0,30,335,0.0,Quito,Pichincha,D,13,1116.0,49.5925,0,0,0,0,2017,5,27,5,21,Saturday,1,0,0,0,2,1100.0,2379.0,2498.0,2156.0,2039.7142857142858,699.8408662655005,2114.5,633.0842391389605,2076.9285714285716,651.1361539688077,1928.2506356713452
2017-05-28,1,BEVERAGES,1110.0,24,246,0.0,Quito,Pichincha,D,13,512.0,49.605,0,0,0,0,2017,5,28,6,21,Sunday,1,0,0,0,3,2270.0,974.0,883.0,995.0,2024.142857142857,692.2045527567346,2098.214285714286,625.3453419537874,2081.0,652.0047148204895,1091.551042128365
2017-05-29,1,BEVERAGES,2407.0,32,342,0.0,Quito,Pichincha,D,13,1750.0,49.6175,0,0,0,0,2017,5,29,0,22,Monday,0,0,0,0,1,1110.0,2620.0,2280.0,825.0,2043.5714285714287,658.9256045874681,2114.4285714285716,593.5473170543526,2085.1071428571427,645.2374434776768,2049.578934454273
2017-05-30,1,BEVERAGES,1937.0,31,323,0.0,Quito,Pichincha,D,13,1770.0,49.63,0,0,0,0,2017,5,30,1,22,Tuesday,0,0,0,0,5,2407.0,2365.0,2393.0,3179.0,2013.142857142857,632.2482182844154,2123.5,597.2315296432386,2141.6071428571427,598.3715146768933,2299.1518701747445
2017-05-31,1,BEVERAGES,2554.0,31,346,0.0,Quito,Pichincha,D,13,1878.0,48.29,0,0,0,0,2017,5,31,2,22,Wednesday,0,0,0,0,6,1937.0,2611.0,2374.0,2479.0,1952.0,612.9507864964978,2090.9285714285716,593.8279295301902,2097.25,563.6487364912192,2205.5398579876946
2017-06-01,1,BEVERAGES,2250.0,9,328,0.0,Quito,Pichincha,D,13,1815.0,48.32,0,0,0,0,2017,6,1,3,22,Thursday,0,0,0,0,4,2554.0,2229.0,2154.0,2454.0,1943.857142857143,603.0354960728416,2103.785714285714,602.316193293273,2099.9285714285716,565.7045380219467,2260.974366415027
2017-06-02,1,BEVERAGES,2752.0,27,347,0.0,Quito,Pichincha,D,13,1925.0,47.68,0,0,0,0,2017,6,2,4,22,Friday,0,0,0,0,0,2250.0,1100.0,2743.0,2243.0,1946.857142857143,604.7402827030941,2110.6428571428573,603.4771816657292,2092.6428571428573,562.2788430614272,2303.8115864941115
2017-06-03,1,BEVERAGES,2718.0,24,347,0.0,Quito,Pichincha,D,13,1420.0,47.586666666666666,0,0,0,0,2017,6,3,5,22,Saturday,1,0,0,0,2,2752.0,2270.0,2379.0,2735.0,2182.8571428571427,537.8167062520621,2111.285714285714,604.2069727618746,2110.8214285714284,575.3950046495548,2481.7447628026534
2017-06-04,1,BEVERAGES,1142.0,17,245,0.0,Quito,Pichincha,D,13,525.0,47.49333333333333,0,0,0,0,2017,6,4,6,22,Sunday,1,0,0,0,3,2718.0,1110.0,974.0,1019.0,2246.8571428571427,575.2670187462078,2135.5,622.2837282635159,2110.214285714286,574.7205670225575,1273.4277307343345
2017-06-05,1,BEVERAGES,2616.0,20,356,0.0,Quito,Pichincha,D,13,1883.0,47.4,0,0,0,0,2017,6,5,0,23,Monday,0,0,0,0,1,1142.0,2407.0,2620.0,2317.0,2251.4285714285716,564.7583132464357,2147.5,599.3602679267566,2114.6071428571427,566.4820182354661,2381.5373845601457
2017-06-06,1,BEVERAGES,2625.0,24,347,0.0,Quito,Pichincha,D,13,1816.0,48.13,0,0,0,0,2017,6,6,1,23,Tuesday,0,0,0,0,5,2616.0,1937.0,2365.0,1943.0,2281.285714285714,579.6811520959128,2147.214285714286,599.118606283937,2125.285714285714,573.2167101763492,2359.3547842213657
2017-06-07,1,BEVERAGES,2651.0,26,343,0.0,Quito,Pichincha,D,13,1889.0,45.8,0,0,0,0,2017,6,7,2,23,Wednesday,0,0,0,0,6,2625.0,2554.0,2611.0,2033.0,2379.5714285714284,569.8198127896443,2165.785714285714,610.3139392112942,2149.6428571428573,579.6379594377547,2439.2191362942654
2017-06-08,1,BEVERAGES,2159.0,22,330,0.0,Quito,Pichincha,D,13,1694.0,45.68,0,0,0,0,2017,6,8,3,23,Thursday,0,0,0,0,4,2651.0,2250.0,2229.0,1701.0,2393.4285714285716,575.915461719535,2168.6428571428573,612.6476722633272,2171.714285714286,586.7543404906829,2175.0308447396555
2017-06-09,1,BEVERAGES,2532.0,23,346,0.0,Quito,Pichincha,D,13,1886.0,45.82,0,0,0,0,2017,6,9,4,23,Friday,0,0,0,0,0,2159.0,2752.0,1100.0,2472.0,2380.4285714285716,580.6998241038926,2163.6428571428573,612.4027843908559,2188.0714285714284,579.4849519390558,2190.464991154645
2017-06-10,1,BEVERAGES,2692.0,23,339,0.0,Quito,Pichincha,D,13,1362.0,45.91333333333333,0,0,0,0,2017,6,10,5,23,Saturday,1,0,0,0,2,2532.0,2718.0,2270.0,2498.0,2349.0,562.919177147134,2265.9285714285716,535.8932821841611,2190.214285714286,580.6834643024424,2417.1343688994148
2017-06-11,1,BEVERAGES,1272.0,23,256,0.0,Quito,Pichincha,D,13,585.0,46.00666666666667,0,0,0,0,2017,6,11,6,23,Sunday,1,0,0,0,3,2692.0,1142.0,1110.0,883.0,2345.285714285714,560.1576308759686,2296.0714285714284,547.8742787124874,2197.1428571428573,585.6282295795035,1329.4177195994794
2017-06-12,1,BEVERAGES,2335.0,24,310,0.0,Quito,Pichincha,D,13,1711.0,46.1,0,0,0,0,2017,6,12,0,24,Monday,0,0,0,0,1,1272.0,2616.0,2407.0,2280.0,2363.8571428571427,513.856474310174,2307.6428571428573,521.9964054021352,2211.035714285714,557.2234396004999,2201.997587801154
2017-06-13,1,BEVERAGES,2579.0,21,338,0.0,Quito,Pichincha,D,13,1766.0,46.41,0,0,0,0,2017,6,13,1,24,Tuesday,0,0,0,0,5,2335.0,2625.0,1937.0,2393.0,2323.714285714286,501.70831973891427,2302.5,521.2964238688622,2213.0,557.5723836085888,2270.8522014938762
2017-06-14,1,BEVERAGES,2707.0,25,337,0.0,Quito,Pichincha,D,13,1832.0,44.79,0,0,0,0,2017,6,14,2,24,Wednesday,0,0,0,0,6,2579.0,2651.0,2554.0,2374.0,2317.1428571428573,497.3869816589655,2348.3571428571427,514.8690060652286,2219.6428571428573,560.8944057409868,2387.0496619875944
2017-06-15,1,BEVERAGES,2137.0,22,312,0.0,Quito,Pichincha,D,13,1776.0,44.47,0,0,0,0,2017,6,15,3,24,Thursday,0,0,0,0,4,2707.0,2159.0,2250.0,2154.0,2325.1428571428573,504.05734745544186,2359.285714285714,521.1551413146419,2231.535714285714,567.7766568031681,2217.103409313442
2017-06-16,1,BEVERAGES,2532.0,17,331,0.0,Quito,Pichincha,D,13,1946.0,44.73,0,0,0,0,2017,6,16,4,24,Friday,0,0,0,0,0,2137.0,2532.0,2752.0,2743.0,2322.0,505.33289357941055,2351.214285714286,523.8460106339896,2230.9285714285716,567.8717205542915,2429.6135720460416
2017-06-17,1,BEVERAGES,2738.0,19,337,0.0,Quito,Pichincha,D,13,1388.0,44.56666666666666,0,0,0,0,2017,6,17,5,24,Saturday,1,0,0,0,2,2532.0,2692.0,2718.0,2379.0,2322.0,505.33289357941055,2335.5,514.1077034719805,2223.3928571428573,562.1964424888246,2442.2049862810863
2017-06-18,1,BEVERAGES,1005.0,10,231,0.0,Quito,Pichincha,D,13,577.0,44.403333333333336,0,0,0,0,2017,6,18,6,24,Sunday,1,0,0,0,3,2738.0,1272.0,1142.0,974.0,2328.5714285714284,511.2112600295096,2336.9285714285716,515.2787840331954,2236.214285714286,569.917301157572,1272.3247889549964
2017-06-19,1,BEVERAGES,2495.0,16,344,0.0,Quito,Pichincha,D,13,1747.0,44.24,0,0,0,0,2017,6,19,0,25,Monday,0,0,0,0,1,1005.0,2335.0,2616.0,2620.0,2290.4285714285716,604.6122330725365,2327.1428571428573,540.4056677296129,2237.3214285714284,567.3990073994526,2238.406284211334
2017-06-20,1,BEVERAGES,2977.0,17,321,0.0,Quito,Pichincha,D,13,1778.0,43.34,0,0,0,0,2017,6,20,1,25,Tuesday,0,0,0,0,5,2495.0,2579.0,2625.0,2365.0,2313.285714285714,609.5820191698938,2318.5,536.383150942857,2232.8571428571427,564.7622058940821,2375.0652078925755
2017-06-21,1,BEVERAGES,2583.0,34,317,0.0,Quito,Pichincha,D,13,1841.0,42.48,0,0,0,0,2017,6,21,2,25,Wednesday,0,0,0,0,6,2977.0,2707.0,2651.0,2611.0,2370.1428571428573,655.3402242528805,2343.6428571428573,559.6028271692587,2254.714285714286,581.6557373785607,2485.7253249002247
2017-06-22,1,BEVERAGES,1824.0,21,306,0.0,Quito,Pichincha,D,13,1739.0,42.53,0,0,0,0,2017,6,22,3,25,Thursday,0,0,0,0,4,2583.0,2137.0,2159.0,2229.0,2352.4285714285716,646.3311476178127,2338.785714285714,557.0190134265476,2253.714285714286,581.0442615347254,2156.668188790621
2017-06-23,1,BEVERAGES,2395.0,24,320,0.0,Quito,Pichincha,D,13,1843.0,42.86,1,0,1,0,2017,6,23,4,25,Friday,0,0,0,0,0,1824.0,2532.0,2532.0,1100.0,2307.714285714286,673.9554174883613,2314.8571428571427,572.3217031252046,2239.25,586.6957458070993,2119.5176964615607
2017-06-24,1,BEVERAGES,2674.0,25,336,0.0,Quito,Pichincha,D,13,1299.0,42.986666666666665,0,0,0,0,2017,6,24,5,25,Saturday,1,0,0,0,2,2395.0,2738.0,2692.0,2270.0,2288.1428571428573,668.3223844252235,2305.0714285714284,569.4875516010638,2285.5,542.9751716580028,2331.50055598757
2017-06-25,1,BEVERAGES,1070.0,20,232,0.0,Quito,Pichincha,D,13,517.0,43.11333333333334,1,0,3,0,2017,6,25,6,25,Sunday,1,0,0,0,3,2674.0,1005.0,1272.0,1110.0,2279.0,661.545916773739,2303.785714285714,568.5663723614182,2299.9285714285716,547.8935371423254,1240.7680592380977
2017-06-26,1,BEVERAGES,2242.0,25,331,0.0,Quito,Pichincha,D,13,1752.0,43.24,0,0,0,0,2017,6,26,0,26,Monday,0,0,0,0,1,1070.0,2495.0,2335.0,2407.0,2288.285714285714,640.81451145807,2289.3571428571427,598.5373977317704,2298.5,551.1535041938732,2135.7632692269785
2017-06-27,1,BEVERAGES,2101.0,25,316,0.0,Quito,Pichincha,D,13,1764.0,44.25,0,0,0,0,2017,6,27,1,26,Tuesday,0,0,0,0,5,2242.0,2977.0,2579.0,1937.0,2252.1428571428573,634.314177825534,2282.714285714286,598.5079433405718,2292.6071428571427,550.8324568347857,2244.28483273228
2017-06-28,1,BEVERAGES,2203.0,26,322,0.0,Quito,Pichincha,D,13,1906.0,44.74,0,0,0,0,2017,6,28,2,26,Wednesday,0,0,0,0,6,2101.0,2583.0,2707.0,2554.0,2127.0,548.0158148569631,2248.5714285714284,593.9222578348543,2298.464285714286,547.7745874693799,2231.738077664298
2017-06-29,1,BEVERAGES,2128.0,26,307,0.0,Quito,Pichincha,D,13,1645.0,44.88,0,0,0,0,2017,6,29,3,26,Thursday,0,0,0,0,4,2203.0,1824.0,2137.0,2250.0,2072.714285714286,513.0203746070061,2212.5714285714284,579.0870419874761,2285.9285714285716,545.7225538862274,1859.0931568970661
2017-06-30,1,BEVERAGES,2496.0,30,323,0.0,Quito,Pichincha,D,13,1852.0,46.02,0,0,0,0,2017,6,30,4,26,Friday,0,0,0,0,0,2128.0,2395.0,2532.0,2752.0,2116.1428571428573,501.1877321494918,2211.9285714285716,579.1823765229118,2281.5714285714284,546.5065096404302,2183.711208022197
2017-07-01,1,BEVERAGES,2596.0,27,331,0.0,Quito,Pichincha,D,13,1362.0,45.838,0,0,0,0,2017,7,1,5,26,Saturday,1,0,0,0,2,2496.0,2674.0,2738.0,2718.0,2130.5714285714284,511.89317151885007,2209.3571428571427,577.7301216022894,2272.4285714285716,540.4527888088074,2417.147160001332
2017-07-02,1,BEVERAGES,1135.0,25,244,0.0,Quito,Pichincha,D,13,542.0,45.656,0,0,0,0,2017,7,2,6,26,Sunday,1,0,0,0,3,2596.0,1070.0,1005.0,1142.0,2119.4285714285716,498.773113797874,2199.214285714286,568.9143748703038,2268.0714285714284,537.2095893197954,1195.938420555606
2017-07-03,1,BEVERAGES,2526.0,27,328,0.0,Quito,Pichincha,D,13,1890.0,45.474,1,0,2,0,2017,7,3,0,27,Monday,0,0,0,0,1,1135.0,2242.0,2495.0,2616.0,2128.714285714286,476.0678222990704,2208.5,548.6222954610264,2267.8214285714284,537.7543879374972,2270.6476094109235
2017-07-04,1,BEVERAGES,2284.0,27,323,0.0,Quito,Pichincha,D,13,1803.0,45.292,0,0,0,0,2017,7,4,1,27,Tuesday,0,0,0,0,5,2526.0,2101.0,2977.0,2625.0,2169.285714285714,498.8859970927683,2210.714285714286,549.9285867723673,2264.6071428571427,535.8618077304328,2396.372926554903
2017-07-05,1,BEVERAGES,2691.0,42,328,0.0,Quito,Pichincha,D,13,1913.0,45.11,0,0,0,0,2017,7,5,2,27,Wednesday,0,0,0,0,6,2284.0,2203.0,2583.0,2651.0,2195.4285714285716,499.5057080564343,2161.214285714286,505.0020835557087,2252.4285714285716,531.2226588046801,2325.3283974925776
2017-07-06,1,BEVERAGES,2284.0,39,310,0.0,Quito,Pichincha,D,13,1698.0,45.52,0,0,0,0,2017,7,6,3,27,Thursday,0,0,0,0,4,2691.0,2128.0,1824.0,2159.0,2265.1428571428573,533.6273445553084,2168.9285714285716,512.7069134709242,2253.8571428571427,532.386709512558,2086.7928573925774
2017-07-07,1,BEVERAGES,2574.0,41,337,0.0,Quito,Pichincha,D,13,1843.0,44.25,0,0,0,0,2017,7,7,4,27,Friday,0,0,0,0,0,2284.0,2496.0,2395.0,2532.0,2287.4285714285716,530.1917442909618,2201.785714285714,503.55966395734856,2258.3214285714284,532.0858364038529,2329.1670254580176
2017-07-08,1,BEVERAGES,2351.0,38,324,0.0,Quito,Pichincha,D,13,1366.0,44.3,0,0,0,0,2017,7,8,5,27,Saturday,1,0,0,0,2,2574.0,2596.0,2674.0,2692.0,2298.5714285714284,536.0926092703503,2214.5714285714284,511.05948988136873,2259.8214285714284,532.9444452717677,2432.160783806833
2017-07-09,1,BEVERAGES,1181.0,35,239,0.0,Quito,Pichincha,D,13,579.0,44.35,0,0,0,0,2017,7,9,6,27,Sunday,1,0,0,0,3,2351.0,1135.0,1070.0,1272.0,2263.5714285714284,521.2295902136531,2191.5,495.78605032040815,2247.6428571428573,526.560693577829,1219.8088800843084
2017-07-10,1,BEVERAGES,2338.0,38,332,0.0,Quito,Pichincha,D,13,1814.0,44.4,0,0,0,0,2017,7,10,0,28,Monday,0,0,0,0,1,1181.0,2526.0,2242.0,2335.0,2270.1428571428573,504.65612997744955,2199.4285714285716,477.00325983174633,2244.3928571428573,533.0464047123102,2219.041983152933
2017-07-11,1,BEVERAGES,2372.0,36,322,0.0,Quito,Pichincha,D,13,1760.0,45.06,0,0,0,0,2017,7,11,1,28,Tuesday,0,0,0,0,5,2338.0,2284.0,2101.0,2579.0,2243.285714285714,493.6529530907773,2206.285714285714,478.3504393822018,2244.5,533.0655925173996,2226.4353094725857
2017-07-12,1,BEVERAGES,2460.0,45,327,0.0,Quito,Pichincha,D,13,1970.0,45.48,0,0,0,0,2017,7,12,2,28,Wednesday,0,0,0,0,6,2372.0,2691.0,2203.0,2707.0,2255.8571428571427,495.97763006391386,2225.6428571428573,479.2445348418976,2237.1071428571427,529.6793816588463,2379.4829558938363
2017-07-13,1,BEVERAGES,2115.0,34,316,0.0,Quito,Pichincha,D,13,1679.0,46.06,0,0,0,0,2017,7,13,3,28,Thursday,0,0,0,0,4,2460.0,2284.0,2128.0,2137.0,2222.8571428571427,469.15968446128954,2244.0,483.216148482073,2228.285714285714,523.5855625108866,2084.185758248436
2017-07-14,1,BEVERAGES,2529.0,40,334,0.0,Quito,Pichincha,D,13,1867.0,46.53,0,0,0,0,2017,7,14,4,28,Friday,0,0,0,0,0,2115.0,2574.0,2496.0,2532.0,2198.714285714286,469.8367497637651,2243.0714285714284,483.46863143581527,2227.5,523.7441063046812,2305.579490520121
2017-07-15,1,BEVERAGES,2183.0,38,318,0.0,Quito,Pichincha,D,13,1338.0,46.36,0,0,0,0,2017,7,15,5,28,Saturday,1,0,0,0,2,2529.0,2351.0,2596.0,2738.0,2192.285714285714,464.119134951985,2245.4285714285716,484.87503771364106,2227.3928571428573,523.6798102378914,2335.3327367456773
2017-07-16,1,BEVERAGES,1079.0,34,223,0.0,Quito,Pichincha,D,13,518.0,46.190000000000005,0,0,0,0,2017,7,16,6,28,Sunday,1,0,0,0,3,2183.0,1181.0,1135.0,1005.0,2168.285714285714,458.85789894975005,2215.9285714285716,474.3548597485173,2207.5714285714284,514.0523412297719,1093.707682405001
2017-07-17,1,BEVERAGES,2381.0,39,302,0.0,Quito,Pichincha,D,13,1739.0,46.02,0,0,0,0,2017,7,17,0,29,Monday,0,0,0,0,1,1079.0,2338.0,2526.0,2495.0,2153.714285714286,495.58507990917076,2211.9285714285716,484.30274452211285,2210.214285714286,507.7927805084552,2126.2456299068185
2017-07-18,1,BEVERAGES,2589.0,42,311,0.0,Quito,Pichincha,D,13,1733.0,46.4,0,0,0,0,2017,7,18,1,29,Tuesday,0,0,0,0,5,2381.0,2372.0,2284.0,2977.0,2159.8571428571427,498.5079165441112,2201.5714285714284,478.5861733008255,2206.1428571428573,505.8782399459319,2256.818410903146
2017-07-19,1,BEVERAGES,2369.0,34,317,0.0,Quito,Pichincha,D,13,1797.0,47.1,0,0,0,0,2017,7,19,2,29,Wednesday,0,0,0,0,6,2589.0,2460.0,2691.0,2583.0,2190.8571428571427,520.1751078792125,2223.3571428571427,489.4457787433383,2192.285714285714,489.0136601244999,2326.0369818560093
2017-07-20,1,BEVERAGES,2006.0,32,294,0.0,Quito,Pichincha,D,13,1774.0,46.73,0,0,0,0,2017,7,20,3,29,Thursday,0,0,0,0,4,2369.0,2115.0,2284.0,1824.0,2177.8571428571427,513.4210191033773,2200.3571428571427,473.071730964095,2184.6428571428573,484.33086443400066,2067.0536893069866
2017-07-21,1,BEVERAGES,2859.0,30,310,0.0,Quito,Pichincha,D,13,1878.0,45.78,0,0,0,0,2017,7,21,4,29,Friday,0,0,0,0,0,2006.0,2529.0,2574.0,2395.0,2162.285714285714,517.2835180974218,2180.5,475.1208348328982,2191.1428571428573,480.51783134800144,2236.857309813286
2017-07-22,1,BEVERAGES,2258.0,22,318,0.0,Quito,Pichincha,D,13,1333.0,45.92333333333333,0,0,0,0,2017,7,22,5,29,Saturday,1,0,0,0,2,2859.0,2183.0,2351.0,2674.0,2209.4285714285716,568.7512218720587,2200.8571428571427,498.79359954299474,2207.714285714286,495.57358142174485,2330.9289254110895
2017-07-23,1,BEVERAGES,1024.0,19,221,0.0,Quito,Pichincha,D,13,547.0,46.06666666666667,1,0,1,0,2017,7,23,6,29,Sunday,1,0,0,0,3,2258.0,1079.0,1181.0,1070.0,2220.1428571428573,568.8767964364664,2194.214285714286,497.2571194635078,2192.8571428571427,487.24248387762555,1119.980265390366
2017-07-24,1,BEVERAGES,2158.0,22,305,0.0,Quito,Pichincha,D,13,1807.0,46.21,1,0,1,0,2017,7,24,0,30,Monday,0,0,0,0,1,1024.0,2381.0,2338.0,2242.0,2212.285714285714,587.3447920616239,2183.0,522.9706566264595,2191.214285714286,491.2299270910124,2105.392892240866
2017-07-25,1,BEVERAGES,2438.0,23,304,0.0,Quito,Pichincha,D,13,1785.0,47.77,1,0,1,0,2017,7,25,1,30,Tuesday,0,0,0,0,5,2158.0,2589.0,2372.0,2101.0,2180.4285714285716,582.6979941453034,2170.1428571428573,521.0760843814347,2188.214285714286,491.1647801602242,2176.8499935569334
2017-07-26,1,BEVERAGES,2242.0,21,311,0.0,Quito,Pichincha,D,13,1903.0,48.58,0,0,0,0,2017,7,26,2,30,Wednesday,0,0,0,0,6,2438.0,2369.0,2460.0,2203.0,2158.8571428571427,567.6526016768389,2174.8571428571427,523.336464375508,2200.25,493.07377744106424,2241.6524050691414
2017-07-27,1,BEVERAGES,2002.0,27,302,0.0,Quito,Pichincha,D,13,1729.0,49.05,0,0,0,0,2017,7,27,3,30,Thursday,0,0,0,0,4,2242.0,2006.0,2115.0,2128.0,2140.714285714286,561.816314669287,2159.285714285714,517.409290239725,2201.6428571428573,493.136913922509,1981.22743413568
2017-07-28,1,BEVERAGES,2358.0,26,318,0.0,Quito,Pichincha,D,13,1848.0,49.72,0,0,0,0,2017,7,28,4,30,Friday,0,0,0,0,0,2002.0,2859.0,2529.0,2496.0,2140.1428571428573,561.9781812405923,2151.214285714286,519.0321138088061,2197.1428571428573,494.40706832159003,2234.3883420469715
2017-07-29,1,BEVERAGES,2161.0,22,318,0.0,Quito,Pichincha,D,13,1251.0,49.88333333333333,0,0,0,0,2017,7,29,5,30,Saturday,1,0,0,0,2,2358.0,2258.0,2183.0,2596.0,2068.5714285714284,481.2770709764046,2139.0,511.4140276647777,2192.214285714286,491.99949993522154,2093.1667120244274
2017-07-30,1,BEVERAGES,1212.0,16,230,0.0,Quito,Pichincha,D,13,519.0,50.04666666666667,0,0,0,0,2017,7,30,6,30,Sunday,1,0,0,0,3,2161.0,1024.0,1079.0,1135.0,2054.714285714286,476.28447881692824,2137.4285714285716,511.3022159583883,2176.6785714285716,485.60340879664415,1015.5669240679026
2017-07-31,1,BEVERAGES,2414.0,24,334,0.0,Quito,Pichincha,D,13,1872.0,50.21,0,0,0,0,2017,7,31,0,31,Monday,0,0,0,0,1,1212.0,2158.0,2381.0,2526.0,2081.5714285714284,409.02887312221253,2146.9285714285716,490.954559120171,2179.4285714285716,479.66758771986537,2152.5021849169084
2017-08-01,1,BEVERAGES,2627.0,26,317,0.0,Quito,Pichincha,D,13,1795.0,49.19,0,0,0,0,2017,8,1,1,31,Tuesday,0,0,0,0,5,2414.0,2438.0,2589.0,2284.0,2118.1428571428573,428.0056185657116,2149.285714285714,492.24234628131074,2175.4285714285716,477.13073203235973,2327.3039434802217
2017-08-02,1,BEVERAGES,2645.0,25,336,0.0,Quito,Pichincha,D,13,1892.0,49.6,0,0,0,0,2017,8,2,2,31,Wednesday,0,0,0,0,6,2627.0,2242.0,2369.0,2691.0,2145.1428571428573,456.55537399511275,2152.0,494.9508134070597,2187.6785714285716,484.36969761562705,2375.2785350905224
2017-08-03,1,BEVERAGES,2037.0,7,296,0.0,Quito,Pichincha,D,13,1726.0,49.03,0,0,0,0,2017,8,3,3,31,Thursday,0,0,0,0,4,2645.0,2002.0,2006.0,2284.0,2202.714285714286,494.62636211108435,2171.714285714286,509.54058169649915,2186.035714285714,482.67437702120077,2111.993534428512
2017-08-04,1,BEVERAGES,2479.0,10,313,0.0,Quito,Pichincha,D,13,1847.0,49.57,0,0,0,0,2017,8,4,4,31,Friday,0,0,0,0,0,2037.0,2358.0,2859.0,2574.0,2207.714285714286,492.43128599691846,2173.9285714285716,508.83191486228526,2177.214285714286,483.07459412813614,2320.4580680764584
2017-08-05,1,BEVERAGES,2093.0,7,318,0.0,Quito,Pichincha,D,13,1251.0,49.50333333333333,1,0,1,0,2017,8,5,5,31,Saturday,1,0,0,0,2,2479.0,2161.0,2258.0,2351.0,2225.0,500.6412554581115,2146.785714285714,478.72108124290486,2173.8214285714284,480.5113829592793,2200.906570004643
2017-08-06,1,BEVERAGES,968.0,5,244,0.0,Quito,Pichincha,D,13,507.0,49.43666666666667,0,0,0,0,2017,8,6,6,31,Sunday,1,0,0,0,3,2093.0,1212.0,1024.0,1181.0,2215.285714285714,502.7453677180051,2135.0,477.80266283831753,2164.6071428571427,479.46052548947705,1145.5691709030132
2017-08-07,1,BEVERAGES,2086.0,7,316,0.0,Quito,Pichincha,D,13,1665.0,49.37,0,0,0,0,2017,8,7,0,32,Monday,0,0,0,0,1,968.0,2414.0,2158.0,2338.0,2180.4285714285716,585.5413043053637,2131.0,487.9457725230123,2157.0,497.0129292602475,2078.297594791474
2017-08-08,1,BEVERAGES,2418.0,7,315,0.0,Quito,Pichincha,D,13,1766.0,49.07,0,0,0,0,2017,8,8,1,32,Tuesday,0,0,0,0,5,2086.0,2627.0,2438.0,2372.0,2133.5714285714284,576.7933937274479,2125.8571428571427,488.01873500336853,2148.0,495.8943286479339,2273.5987113301894
2017-08-09,1,BEVERAGES,2311.0,7,317,0.0,Quito,Pichincha,D,13,1766.0,49.59,0,0,0,0,2017,8,9,2,32,Wednesday,0,0,0,0,6,2418.0,2645.0,2242.0,2460.0,2103.714285714286,551.8652354472475,2124.4285714285716,487.06305298433375,2149.6428571428573,496.73938425799884,2237.490262299799
2017-08-10,1,BEVERAGES,2377.0,6,322,0.0,Quito,Pichincha,D,13,1764.0,48.54,0,0,0,0,2017,8,10,3,32,Thursday,0,0,0,0,4,2311.0,2037.0,2002.0,2115.0,2056.0,510.12612819446394,2129.3571428571427,488.69065362973464,2144.3214285714284,494.0824682679353,2075.190069718317
2017-08-11,1,BEVERAGES,1006.0,3,214,0.0,Quito,Pichincha,D,13,570.0,48.81,1,1,1,1,2017,8,11,4,32,Friday,0,0,0,0,0,2377.0,2479.0,2358.0,2529.0,2104.5714285714284,524.0129951133148,2156.1428571428573,491.4424384703387,2153.6785714285716,495.9838747058758,1348.638254229367
2017-08-12,1,BEVERAGES,1659.0,7,279,0.0,Quito,Pichincha,D,13,1004.0,48.403333333333336,0,0,0,0,2017,8,12,5,32,Saturday,1,0,0,0,2,1006.0,2093.0,2161.0,2183.0,1894.142857142857,633.0138041073708,2059.5714285714284,574.5380370732285,2099.285714285714,535.255553858629,1681.665297322602
2017-08-13,1,BEVERAGES,803.0,5,217,0.0,Quito,Pichincha,D,13,416.0,47.99666666666667,0,0,0,0,2017,8,13,6,32,Sunday,1,0,0,0,3,1659.0,968.0,1212.0,1079.0,1832.142857142857,631.5429329748573,2023.7142857142858,583.3188109128982,2080.5714285714284,541.3459514519702,932.9844780634314
2017-08-14,1,BEVERAGES,2201.0,9,321,0.0,Quito,Pichincha,D,13,1733.0,47.59,0,0,0,0,2017,8,14,0,33,Monday,0,0,0,0,1,803.0,2086.0,2414.0,2381.0,1808.5714285714287,671.016854518296,1994.5,635.0472726195593,2070.714285714286,562.3633896428373,2050.240980957531
2017-08-15,1,BEVERAGES,1942.0,11,312,0.0,Quito,Pichincha,D,13,1693.0,47.57,1,0,1,0,2017,8,15,1,33,Tuesday,0,0,0,0,5,2201.0,2418.0,2627.0,2589.0,1825.0,680.2849892998343,1979.2857142857142,626.7208222254878,2064.285714285714,559.7075861649381,2216.060159864104
2017-05-18,1,DAIRY,718.0,23,170,1.0,Quito,Pichincha,D,13,1662.0,49.36,0,0,0,0,2017,5,18,3,20,Thursday,0,0,0,0,4,828.0,721.0,755.0,666.0,735.4285714285714,207.98466060654346,756.9285714285714,195.73037352664159,743.6785714285714,212.49471515370556,830.7006090358118
2017-05-19,1,DAIRY,957.0,26,169,1.0,Quito,Pichincha,D,13,1897.0,50.32,0,0,0,0,2017,5,19,4,20,Friday,0,0,0,0,0,718.0,857.0,882.0,1078.0,735.0,208.02243468754364,754.2857142857143,196.0080173287368,745.5357142857143,212.0173791169477,1046.3972899287896
2017-05-20,1,DAIRY,795.0,24,159,1.0,Quito,Pichincha,D,13,1284.0,50.48333333333333,0,0,0,0,2017,5,20,5,20,Saturday,1,0,0,0,2,957.0,939.0,919.0,884.0,749.2857142857143,220.83607365775066,759.6428571428571,200.73503666538747,741.2142857142857,206.1416911383947,997.8385070176215
2017-05-21,1,DAIRY,337.0,18,122,1.0,Quito,Pichincha,D,13,495.0,50.64666666666667,0,0,0,0,2017,5,21,6,20,Sunday,1,0,0,0,3,795.0,299.0,355.0,390.0,728.7142857142857,206.4571903048461,750.7857142857143,195.83870072918742,738.0357142857143,204.53841116086758,174.7467790938091
2017-05-22,1,DAIRY,755.0,25,170,1.0,Quito,Pichincha,D,13,1758.0,50.81,0,0,0,0,2017,5,22,0,21,Monday,0,0,0,0,1,337.0,710.0,852.0,832.0,734.1428571428571,193.35927576356286,749.5,198.6755182161634,736.1428571428571,208.09287710694468,1003.1755145176984
2017-05-23,1,DAIRY,736.0,22,156,1.0,Quito,Pichincha,D,13,1701.0,51.12,0,0,0,0,2017,5,23,1,21,Tuesday,0,0,0,0,5,755.0,794.0,780.0,669.0,740.5714285714286,193.1707855265708,742.5714285714286,196.50551539948475,733.3928571428571,207.2864075666932,883.7479448223411
2017-05-24,1,DAIRY,867.0,26,165,1.0,Quito,Pichincha,D,13,1844.0,50.99,0,0,0,0,2017,5,24,2,21,Wednesday,0,0,0,0,6,736.0,828.0,906.0,832.0,732.2857142857143,191.7356811565637,739.4285714285714,196.21248854071501,735.7857142857143,206.90190145428173,948.3750659264996
2017-05-25,1,DAIRY,723.0,23,155,1.0,Quito,Pichincha,D,13,1663.0,48.57,0,0,0,0,2017,5,25,3,21,Thursday,0,0,0,0,4,867.0,718.0,721.0,734.0,737.8571428571429,195.50995590287184,736.6428571428571,193.92925242225454,737.0357142857143,207.60922732345438,789.8728578862643
2017-05-26,1,DAIRY,375.0,16,126,1.0,Quito,Pichincha,D,13,580.0,49.58,1,1,1,1,2017,5,26,4,21,Friday,0,0,0,0,0,723.0,957.0,857.0,867.0,738.5714285714286,195.4344366983953,736.7857142857143,193.91757907040568,736.6428571428571,207.62559149436933,117.01927741326243
2017-05-27,1,DAIRY,634.0,24,152,1.0,Quito,Pichincha,D,13,1116.0,49.5925,0,0,0,0,2017,5,27,5,21,Saturday,1,0,0,0,2,375.0,795.0,939.0,809.0,655.4285714285714,210.25845773147614,702.3571428571429,212.8009568887013,719.0714285714286,216.80114263936883,722.8538226755333
2017-05-28,1,DAIRY,319.0,15,120,1.0,Quito,Pichincha,D,13,512.0,49.605,0,0,0,0,2017,5,28,6,21,Sunday,1,0,0,0,3,634.0,337.0,299.0,315.0,632.4285714285714,201.05045564306877,680.5714285714286,202.05167438276487,712.8214285714286,216.63504958569195,99.070746728679
2017-05-29,1,DAIRY,818.0,23,167,1.0,Quito,Pichincha,D,13,1750.0,49.6175,0,0,0,0,2017,5,29,0,22,Monday,0,0,0,0,1,319.0,755.0,710.0,326.0,629.8571428571429,205.5240688025193,682.0,199.19684890927448,712.9642857142857,216.36414472294993,891.7762420285736
2017-05-30,1,DAIRY,641.0,23,164,1.0,Quito,Pichincha,D,13,1770.0,49.63,0,0,0,0,2017,5,30,1,22,Tuesday,0,0,0,0,5,818.0,736.0,794.0,897.0,638.8571428571429,213.1552083744207,689.7142857142857,202.4296377553394,730.5357142857143,203.36147021040654,922.207750344537
2017-05-31,1,DAIRY,912.0,28,171,1.0,Quito,Pichincha,D,13,1878.0,48.29,0,0,0,0,2017,5,31,2,22,Wednesday,0,0,0,0,6,641.0,867.0,828.0,927.0,625.2857142857143,208.92160753554893,678.7857142857143,200.48716765819233,721.3928571428571,201.34498481475373,920.9148524639927
2017-06-01,1,DAIRY,801.0,2,154,1.0,Quito,Pichincha,D,13,1815.0,48.32,0,0,0,0,2017,6,1,3,22,Thursday,0,0,0,0,4,912.0,723.0,718.0,755.0,631.7142857142857,218.0899770627663,684.7857142857143,206.46406972621602,720.8571428571429,200.79687807181352,948.4089715045699
2017-06-02,1,DAIRY,792.0,14,169,1.0,Quito,Pichincha,D,13,1925.0,47.68,0,0,0,0,2017,6,2,4,22,Friday,0,0,0,0,0,801.0,375.0,957.0,882.0,642.8571428571429,225.40144082017176,690.7142857142857,208.67104350053958,722.5,201.2741818920072,1066.4427087203433
2017-06-03,1,DAIRY,862.0,16,167,1.0,Quito,Pichincha,D,13,1420.0,47.586666666666666,0,0,0,0,2017,6,3,5,22,Saturday,1,0,0,0,2,792.0,634.0,795.0,919.0,702.4285714285714,195.99732748420922,678.9285714285714,196.79605385572785,719.2857142857143,199.34203941278713,1051.9316503675757
2017-06-04,1,DAIRY,358.0,12,124,1.0,Quito,Pichincha,D,13,525.0,47.49333333333333,0,0,0,0,2017,6,4,6,22,Sunday,1,0,0,0,3,862.0,319.0,337.0,355.0,735.0,201.59530417811496,683.7142857142857,200.61345478745423,717.25,197.50961064286668,252.80074857237634
2017-06-05,1,DAIRY,769.0,13,162,1.0,Quito,Pichincha,D,13,1883.0,47.4,0,0,0,0,2017,6,5,0,23,Monday,0,0,0,0,1,358.0,818.0,755.0,852.0,740.5714285714286,188.28157738066787,685.2142857142857,197.88154132107445,717.3571428571429,197.3065323927929,1115.1849914667957
2017-06-06,1,DAIRY,832.0,15,160,1.0,Quito,Pichincha,D,13,1816.0,48.13,0,0,0,0,2017,6,6,1,23,Tuesday,0,0,0,0,5,769.0,641.0,736.0,780.0,733.5714285714286,185.81788319288793,686.2142857142857,198.2962735098968,714.3928571428571,195.82670708141347,997.9104011374168
2017-06-07,1,DAIRY,842.0,17,157,1.0,Quito,Pichincha,D,13,1889.0,45.8,0,0,0,0,2017,6,7,2,23,Wednesday,0,0,0,0,6,832.0,912.0,867.0,906.0,760.8571428571429,183.97321233577168,693.0714285714286,201.77956909829643,716.25,196.71649557073277,1042.7667634794034
2017-06-08,1,DAIRY,648.0,27,155,1.0,Quito,Pichincha,D,13,1694.0,45.68,0,0,0,0,2017,6,8,3,23,Thursday,0,0,0,0,4,842.0,801.0,723.0,721.0,750.8571428571429,176.12346859653954,691.2857142857143,200.2265749561756,713.9642857142857,194.79247877769893,866.774114005138
2017-06-09,1,DAIRY,920.0,30,164,1.0,Quito,Pichincha,D,13,1886.0,45.82,0,0,0,0,2017,6,9,4,23,Friday,0,0,0,0,0,648.0,792.0,375.0,857.0,729.0,178.3433019020713,685.9285714285714,200.31608264698238,711.3571428571429,195.18295582193326,946.4865589785629
2017-06-10,1,DAIRY,785.0,30,159,1.0,Quito,Pichincha,D,13,1362.0,45.91333333333333,0,0,0,0,2017,6,10,5,23,Saturday,1,0,0,0,2,920.0,862.0,634.0,939.0,747.2857142857143,191.9242161945824,724.8571428571429,187.80958324973503,713.6071428571429,197.27595623910537,1029.5617627834524
2017-06-11,1,DAIRY,410.0,26,127,1.0,Quito,Pichincha,D,13,585.0,46.00666666666667,0,0,0,0,2017,6,11,6,23,Sunday,1,0,0,0,3,785.0,358.0,319.0,299.0,736.2857142857143,186.38017981687713,735.6428571428571,186.52185153193355,708.1071428571429,192.8565652548683,272.61737098593045
2017-06-12,1,DAIRY,746.0,30,159,1.0,Quito,Pichincha,D,13,1711.0,46.1,0,0,0,0,2017,6,12,0,24,Monday,0,0,0,0,1,410.0,769.0,818.0,710.0,743.7142857142857,169.0174688069396,742.1428571428571,171.89793802981072,712.0714285714286,185.12136731053263,1006.0844942342321
2017-06-13,1,DAIRY,712.0,28,163,1.0,Quito,Pichincha,D,13,1766.0,46.41,0,0,0,0,2017,6,13,1,24,Tuesday,0,0,0,0,5,746.0,832.0,641.0,794.0,740.4285714285714,168.66718426421627,737.0,170.52543234638824,713.3571428571429,185.231429675644,966.936720170387
2017-06-14,1,DAIRY,792.0,34,163,1.0,Quito,Pichincha,D,13,1832.0,44.79,0,0,0,0,2017,6,14,2,24,Wednesday,0,0,0,0,6,712.0,842.0,912.0,828.0,723.2857142857143,163.83804430566414,742.0714285714286,168.4944483384502,710.4285714285714,184.55621016101088,980.3185862639393
2017-06-15,1,DAIRY,811.0,20,152,1.0,Quito,Pichincha,D,13,1776.0,44.47,0,0,0,0,2017,6,15,3,24,Thursday,0,0,0,0,4,792.0,648.0,801.0,718.0,716.1428571428571,158.81270789982827,733.5,162.11664841189895,709.1428571428571,183.83078255220786,881.0083836451669
2017-06-16,1,DAIRY,779.0,21,163,1.0,Quito,Pichincha,D,13,1946.0,44.73,0,0,0,0,2017,6,16,4,24,Friday,0,0,0,0,0,811.0,920.0,792.0,957.0,739.4285714285714,159.10568515178545,734.2142857142857,162.45859996718016,712.4642857142857,184.83415632375917,1077.568400057438
2017-06-17,1,DAIRY,865.0,18,162,1.0,Quito,Pichincha,D,13,1388.0,44.56666666666666,0,0,0,0,2017,6,17,5,24,Saturday,1,0,0,0,2,779.0,785.0,862.0,795.0,719.2857142857143,140.24230731810124,733.2857142857143,162.13974436669213,706.1071428571429,179.08374603865815,1000.2161318981582
2017-06-18,1,DAIRY,347.0,12,120,1.0,Quito,Pichincha,D,13,577.0,44.403333333333336,0,0,0,0,2017,6,18,6,24,Sunday,1,0,0,0,3,865.0,410.0,358.0,337.0,730.7142857142857,149.44755410702257,733.5,162.324816814453,708.6071428571429,180.85052950202976,247.73966064283968
2017-06-19,1,DAIRY,665.0,21,163,1.0,Quito,Pichincha,D,13,1747.0,44.24,0,0,0,0,2017,6,19,0,25,Monday,0,0,0,0,1,347.0,746.0,769.0,755.0,721.7142857142857,172.15275608764276,732.7142857142857,164.2968366994633,708.9642857142857,180.0978092578347,987.8967514337279
2017-06-20,1,DAIRY,707.0,24,145,1.0,Quito,Pichincha,D,13,1778.0,43.34,0,0,0,0,2017,6,20,1,25,Tuesday,0,0,0,0,5,665.0,712.0,832.0,736.0,710.1428571428571,172.96861812809522,725.2857142857143,164.88010962347806,705.75,180.04888739409742,919.5607908430496
2017-06-21,1,DAIRY,810.0,26,158,1.0,Quito,Pichincha,D,13,1841.0,42.48,0,0,0,0,2017,6,21,2,25,Wednesday,0,0,0,0,6,707.0,792.0,842.0,867.0,709.4285714285714,172.96999464536913,716.3571428571429,162.0164318080848,704.7142857142857,179.95181600822093,937.5378986157501
2017-06-22,1,DAIRY,713.0,31,162,1.0,Quito,Pichincha,D,13,1739.0,42.53,0,0,0,0,2017,6,22,3,25,Thursday,0,0,0,0,4,810.0,811.0,648.0,723.0,712.0,174.5288896811451,714.0714285714286,160.32441355706624,702.6785714285714,178.3633523169375,853.5069102576989
2017-06-23,1,DAIRY,834.0,22,162,1.0,Quito,Pichincha,D,13,1843.0,42.86,1,0,1,0,2017,6,23,4,25,Friday,0,0,0,0,0,713.0,779.0,920.0,375.0,698.0,169.1104175777864,718.7142857142857,159.20109613626602,702.3214285714286,178.33116376072493,917.0000292735383
2017-06-24,1,DAIRY,795.0,19,161,1.0,Quito,Pichincha,D,13,1299.0,42.986666666666665,0,0,0,0,2017,6,24,5,25,Saturday,1,0,0,0,2,834.0,865.0,785.0,634.0,705.8571428571429,174.68679455092237,712.5714285714286,152.34864584271668,718.7142857142857,167.92080521899996,912.9158082100715
2017-06-25,1,DAIRY,300.0,15,112,1.0,Quito,Pichincha,D,13,517.0,43.11333333333334,1,0,3,0,2017,6,25,6,25,Sunday,1,0,0,0,3,795.0,347.0,410.0,319.0,695.8571428571429,165.83770034929577,713.2857142857143,152.737295113803,724.4642857142857,167.66887167599424,191.3183088189578
2017-06-26,1,DAIRY,748.0,19,165,1.0,Quito,Pichincha,D,13,1752.0,43.24,0,0,0,0,2017,6,26,0,26,Monday,0,0,0,0,1,300.0,665.0,746.0,818.0,689.1428571428571,182.4366817751923,705.4285714285714,171.2468817394762,723.7857142857143,169.40010869358176,940.3600325734845
2017-06-27,1,DAIRY,741.0,21,168,1.0,Quito,Pichincha,D,13,1764.0,44.25,0,0,0,0,2017,6,27,1,26,Tuesday,0,0,0,0,5,748.0,707.0,712.0,641.0,701.0,183.3012093067945,705.5714285714286,171.28416078628925,721.2857142857143,168.47218852641168,897.5523257172272
2017-06-28,1,DAIRY,805.0,23,171,1.0,Quito,Pichincha,D,13,1906.0,44.74,0,0,0,0,2017,6,28,2,26,Wednesday,0,0,0,0,6,741.0,810.0,792.0,912.0,705.8571428571429,183.93606549688988,707.6428571428571,171.54304557024784,724.8571428571429,167.76564657078237,966.2512968506347
2017-06-29,1,DAIRY,680.0,23,161,1.0,Quito,Pichincha,D,13,1645.0,44.88,0,0,0,0,2017,6,29,3,26,Thursday,0,0,0,0,4,805.0,713.0,811.0,801.0,705.1428571428571,183.47336643359483,708.5714285714286,172.0691785236445,721.0357142857143,164.5324424032388,780.258683516731
2017-06-30,1,DAIRY,784.0,23,160,1.0,Quito,Pichincha,D,13,1852.0,46.02,0,0,0,0,2017,6,30,4,26,Friday,0,0,0,0,0,680.0,834.0,779.0,792.0,700.4285714285714,183.66169727958797,699.2142857142857,169.61502952792216,716.7142857142857,163.94236953606907,914.9133367751772
2017-07-01,1,DAIRY,811.0,20,166,1.0,Quito,Pichincha,D,13,1362.0,45.838,0,0,0,0,2017,7,1,5,26,Saturday,1,0,0,0,2,784.0,795.0,865.0,862.0,693.2857142857143,178.50090035787318,699.5714285714286,169.80111184093363,716.4285714285714,163.81322439526363,1048.7750642684202
2017-07-02,1,DAIRY,389.0,19,137,1.0,Quito,Pichincha,D,13,542.0,45.656,0,0,0,0,2017,7,2,6,26,Sunday,1,0,0,0,3,811.0,300.0,347.0,358.0,695.5714285714286,180.11557136355256,695.7142857142857,166.3321184449152,714.6071428571429,162.41221886292712,281.7657026382224
2017-07-03,1,DAIRY,802.0,22,170,1.0,Quito,Pichincha,D,13,1890.0,45.474,1,0,2,0,2017,7,3,0,27,Monday,0,0,0,0,1,389.0,748.0,665.0,769.0,708.2857142857143,147.7765365743315,698.7142857142857,159.8097082693743,715.7142857142857,159.9786692130395,1127.7481753373813
2017-07-04,1,DAIRY,734.0,24,167,1.0,Quito,Pichincha,D,13,1803.0,45.292,0,0,0,0,2017,7,4,1,27,Tuesday,0,0,0,0,5,802.0,741.0,707.0,832.0,716.0,151.5563701509551,708.5,161.7689472911657,716.8928571428571,160.50645291879056,1024.9475906828359
2017-07-05,1,DAIRY,814.0,35,172,1.0,Quito,Pichincha,D,13,1913.0,45.11,0,0,0,0,2017,7,5,2,27,Wednesday,0,0,0,0,6,734.0,805.0,810.0,842.0,715.0,151.3869214958808,710.4285714285714,161.9105708934182,713.3928571428571,158.96455213656705,1049.5031068238052
2017-07-06,1,DAIRY,652.0,31,149,1.0,Quito,Pichincha,D,13,1698.0,45.52,0,0,0,0,2017,7,6,3,27,Thursday,0,0,0,0,4,814.0,680.0,713.0,648.0,716.2857142857143,152.3140552561431,710.7142857142857,162.10320955937357,712.3928571428571,158.21184562237622,846.3235970264807
2017-07-07,1,DAIRY,764.0,34,161,1.0,Quito,Pichincha,D,13,1843.0,44.25,0,0,0,0,2017,7,7,4,27,Friday,0,0,0,0,0,652.0,784.0,834.0,920.0,712.2857142857143,153.78633910473997,706.3571428571429,162.85510650355843,712.5357142857143,158.15334381141193,1000.5327923643777
2017-07-08,1,DAIRY,754.0,36,168,1.0,Quito,Pichincha,D,13,1366.0,44.3,0,0,0,0,2017,7,8,5,27,Saturday,1,0,0,0,2,764.0,811.0,795.0,785.0,709.4285714285714,152.41156686513554,701.3571428571429,159.6783339394233,706.9642857142857,153.24574361628595,1019.5869645975052
2017-07-09,1,DAIRY,341.0,21,129,1.0,Quito,Pichincha,D,13,579.0,44.35,0,0,0,0,2017,7,9,6,27,Sunday,1,0,0,0,3,754.0,389.0,300.0,410.0,701.2857142857143,147.52481631431164,698.4285714285714,158.19788692827441,705.8571428571429,152.77233467937432,263.32864354788063
2017-07-10,1,DAIRY,835.0,33,166,1.0,Quito,Pichincha,D,13,1814.0,44.4,0,0,0,0,2017,7,10,0,28,Monday,0,0,0,0,1,341.0,802.0,748.0,746.0,694.4285714285714,164.58823078909884,701.3571428571429,150.44426882396579,703.3928571428571,158.18211241423984,1062.6358608256683
2017-07-11,1,DAIRY,726.0,27,157,1.0,Quito,Pichincha,D,13,1760.0,45.06,0,0,0,0,2017,7,11,1,28,Tuesday,0,0,0,0,5,835.0,734.0,741.0,712.0,699.1428571428571,168.6064733547998,707.5714285714286,154.2673574753169,706.5714285714286,159.9542593348661,971.317046916196
2017-07-12,1,DAIRY,884.0,35,167,1.0,Quito,Pichincha,D,13,1970.0,45.48,0,0,0,0,2017,7,12,2,28,Wednesday,0,0,0,0,6,726.0,814.0,805.0,792.0,698.0,168.35775400418385,706.5,154.0692901062564,707.0714285714286,159.99373334288822,1054.5868351314784
2017-07-13,1,DAIRY,764.0,23,157,1.0,Quito,Pichincha,D,13,1679.0,46.06,0,0,0,0,2017,7,13,3,28,Thursday,0,0,0,0,4,884.0,652.0,680.0,811.0,708.0,178.18810285762618,712.1428571428571,159.31191328424043,710.3571428571429,162.72385476645218,847.3147222628056
2017-07-14,1,DAIRY,748.0,23,158,1.0,Quito,Pichincha,D,13,1867.0,46.53,0,0,0,0,2017,7,14,4,28,Friday,0,0,0,0,0,764.0,764.0,784.0,779.0,724.0,177.3480570328678,718.1428571428571,159.58979008351602,708.6785714285714,161.88749032525655,995.8511401658959
2017-07-15,1,DAIRY,615.0,22,153,1.0,Quito,Pichincha,D,13,1338.0,46.36,0,0,0,0,2017,7,15,5,28,Saturday,1,0,0,0,2,748.0,754.0,811.0,865.0,721.7142857142857,176.8490074288556,715.5714285714286,158.73476391365847,707.5714285714286,161.49427889681613,966.0878452307575
2017-07-16,1,DAIRY,325.0,14,117,1.0,Quito,Pichincha,D,13,518.0,46.190000000000005,0,0,0,0,2017,7,16,6,28,Sunday,1,0,0,0,3,615.0,341.0,389.0,347.0,701.8571428571429,180.3879417361634,701.5714285714286,158.31357115922333,698.6428571428571,159.36499320177435,176.3573723633779
2017-07-17,1,DAIRY,795.0,17,163,1.0,Quito,Pichincha,D,13,1739.0,46.02,0,0,0,0,2017,7,17,0,29,Monday,0,0,0,0,1,325.0,835.0,802.0,665.0,699.5714285714286,185.74431991571728,697.0,168.62201699476935,697.8571428571429,161.20649612076718,990.9329374182914
2017-07-18,1,DAIRY,777.0,18,158,1.0,Quito,Pichincha,D,13,1733.0,46.4,0,0,0,0,2017,7,18,1,29,Tuesday,0,0,0,0,5,795.0,726.0,734.0,707.0,693.8571428571429,181.44919267885834,696.5,168.29678455724388,702.5,162.09473681678944,921.3743389062217
2017-07-19,1,DAIRY,781.0,19,156,1.0,Quito,Pichincha,D,13,1797.0,47.1,0,0,0,0,2017,7,19,2,29,Wednesday,0,0,0,0,6,777.0,884.0,814.0,810.0,701.1428571428571,183.9614348819053,699.5714285714286,169.42241895320615,705.0,162.7053688021313,925.5593995890356
2017-07-20,1,DAIRY,758.0,17,158,1.0,Quito,Pichincha,D,13,1774.0,46.73,0,0,0,0,2017,7,20,3,29,Thursday,0,0,0,0,4,781.0,764.0,652.0,713.0,686.4285714285714,170.52649563714618,697.2142857142857,167.93092837025694,703.9642857142857,162.10341512678787,854.3588139480844
2017-07-21,1,DAIRY,741.0,18,160,1.0,Quito,Pichincha,D,13,1878.0,45.78,0,0,0,0,2017,7,21,4,29,Friday,0,0,0,0,0,758.0,748.0,764.0,834.0,685.5714285714286,170.08611264381827,704.7857142857143,168.1250352342777,705.5714285714286,162.419080381457,969.5947934970563
2017-07-22,1,DAIRY,691.0,19,162,1.0,Quito,Pichincha,D,13,1333.0,45.92333333333333,0,0,0,0,2017,7,22,5,29,Saturday,1,0,0,0,2,741.0,615.0,754.0,795.0,684.5714285714286,169.67798633770664,703.1428571428571,167.61350099047917,702.25,160.63660968275846,914.3434335726872
2017-07-23,1,DAIRY,382.0,16,134,1.0,Quito,Pichincha,D,13,547.0,46.06666666666667,1,0,1,0,2017,7,23,6,29,Sunday,1,0,0,0,3,691.0,325.0,341.0,300.0,695.4285714285714,166.89303674595192,698.6428571428571,166.98761222726162,698.5357142857143,159.61167741157942,180.0623522337732
2017-07-24,1,DAIRY,758.0,18,161,1.0,Quito,Pichincha,D,13,1807.0,46.21,1,0,1,0,2017,7,24,0,30,Monday,0,0,0,0,1,382.0,795.0,835.0,748.0,703.5714285714286,145.8742119577195,701.5714285714286,160.4650521672324,701.4642857142857,152.62796262004383,1004.1732739979686
2017-07-25,1,DAIRY,698.0,18,163,1.0,Quito,Pichincha,D,13,1785.0,47.77,1,0,1,0,2017,7,25,1,30,Tuesday,0,0,0,0,5,758.0,777.0,726.0,741.0,698.2857142857143,142.64374537720903,696.0714285714286,156.81810349069156,701.8214285714286,152.75253615435597,917.9994065344302
2017-07-26,1,DAIRY,775.0,17,162,1.0,Quito,Pichincha,D,13,1903.0,48.58,0,0,0,0,2017,7,26,2,30,Wednesday,0,0,0,0,6,698.0,781.0,884.0,805.0,687.0,138.44132331063554,694.0714285714286,156.58542239140328,700.2857142857143,152.56009311278797,949.0804183232258
2017-07-27,1,DAIRY,722.0,8,158,1.0,Quito,Pichincha,D,13,1729.0,49.05,0,0,0,0,2017,7,27,3,30,Thursday,0,0,0,0,4,775.0,758.0,764.0,680.0,686.1428571428571,137.77932666820075,686.2857142857143,148.93851522920798,699.2142857142857,151.90137081352157,806.0113997252287
2017-07-28,1,DAIRY,711.0,7,159,1.0,Quito,Pichincha,D,13,1848.0,49.72,0,0,0,0,2017,7,28,4,30,Friday,0,0,0,0,0,722.0,741.0,748.0,784.0,681.0,135.29966740535585,683.2857142857143,147.6703337591108,700.7142857142857,151.9119767406415,899.2181336935099
2017-07-29,1,DAIRY,676.0,7,152,1.0,Quito,Pichincha,D,13,1251.0,49.88333333333333,0,0,0,0,2017,7,29,5,30,Saturday,1,0,0,0,2,711.0,691.0,615.0,811.0,676.7142857142857,133.54613969924898,680.6428571428571,146.75128469774728,698.1071428571429,151.0536670109695,794.0589474208653
2017-07-30,1,DAIRY,316.0,6,121,1.0,Quito,Pichincha,D,13,519.0,50.04666666666667,0,0,0,0,2017,7,30,6,30,Sunday,1,0,0,0,3,676.0,382.0,325.0,389.0,674.5714285714286,133.39897193863828,685.0,145.55305667588027,693.2857142857143,149.46295394904766,127.00742601007141
2017-07-31,1,DAIRY,727.0,7,160,1.0,Quito,Pichincha,D,13,1872.0,50.21,0,0,0,0,2017,7,31,0,31,Monday,0,0,0,0,1,316.0,758.0,795.0,802.0,665.1428571428571,157.6519675016545,684.3571428571429,147.27504731093882,690.6785714285714,155.48277350608137,1011.3799767749296
2017-08-01,1,DAIRY,668.0,3,153,1.0,Quito,Pichincha,D,13,1795.0,49.19,0,0,0,0,2017,8,1,1,31,Tuesday,0,0,0,0,5,727.0,698.0,777.0,734.0,660.7142857142857,155.02227182538843,679.5,144.43936710339912,688.0,154.13414071299675,992.9864060488445
2017-08-02,1,DAIRY,941.0,3,167,1.0,Quito,Pichincha,D,13,1892.0,49.6,0,0,0,0,2017,8,2,2,31,Wednesday,0,0,0,0,6,668.0,775.0,781.0,814.0,656.4285714285714,154.23235408830044,671.7142857142857,141.69112049233493,685.6428571428571,153.90911562677638,1009.0797659978901
2017-08-03,1,DAIRY,529.0,12,149,1.0,Quito,Pichincha,D,13,1726.0,49.03,0,0,0,0,2017,8,3,3,31,Thursday,0,0,0,0,4,941.0,722.0,758.0,652.0,680.1428571428571,185.16247691458105,683.1428571428571,156.8281063618848,690.1785714285714,159.59811879784192,913.0006325775106
2017-08-04,1,DAIRY,767.0,20,165,1.0,Quito,Pichincha,D,13,1847.0,49.57,0,0,0,0,2017,8,4,4,31,Friday,0,0,0,0,0,529.0,711.0,741.0,764.0,652.5714285714286,192.12917281771365,666.7857142857143,160.32331687582345,685.7857142857143,162.35679892979752,968.9070960149022
2017-08-05,1,DAIRY,624.0,21,154,1.0,Quito,Pichincha,D,13,1251.0,49.50333333333333,1,0,1,0,2017,8,5,5,31,Saturday,1,0,0,0,2,767.0,676.0,691.0,754.0,660.5714285714286,196.09254374984675,668.6428571428571,161.39612384195772,685.8928571428571,162.41130668670542,905.80259666349
2017-08-06,1,DAIRY,312.0,14,115,1.0,Quito,Pichincha,D,13,507.0,49.43666666666667,0,0,0,0,2017,8,6,6,31,Sunday,1,0,0,0,3,624.0,316.0,382.0,341.0,653.1428571428571,196.39537381807824,663.8571428571429,161.67529526461635,681.25,162.2502924724882,199.31011111251922
2017-08-07,1,DAIRY,717.0,18,161,1.0,Quito,Pichincha,D,13,1665.0,49.37,0,0,0,0,2017,8,7,0,32,Monday,0,0,0,0,1,312.0,727.0,758.0,835.0,652.5714285714286,197.54227998317782,658.8571428571429,171.82632427624557,680.2142857142857,164.5785542806264,973.0424870581023
2017-08-08,1,DAIRY,569.0,20,152,1.0,Quito,Pichincha,D,13,1766.0,49.07,0,0,0,0,2017,8,8,1,32,Tuesday,0,0,0,0,5,717.0,668.0,698.0,726.0,651.1428571428571,196.949594711801,655.9285714285714,170.34962431861803,676.0,161.95815646161515,949.4258772834565
2017-08-09,1,DAIRY,789.0,17,151,1.0,Quito,Pichincha,D,13,1766.0,49.59,0,0,0,0,2017,8,9,2,32,Wednesday,0,0,0,0,6,569.0,941.0,775.0,884.0,637.0,199.0803857741887,646.7142857142857,171.3846005879208,670.3928571428571,162.8781274190459,904.3202067474928
2017-08-10,1,DAIRY,736.0,21,157,1.0,Quito,Pichincha,D,13,1764.0,48.54,0,0,0,0,2017,8,10,3,32,Thursday,0,0,0,0,4,789.0,529.0,722.0,764.0,615.2857142857143,165.92439471610103,647.7142857142857,172.22946615195912,667.0,159.21194818368693,873.8469712809538
2017-08-11,1,DAIRY,343.0,14,110,1.0,Quito,Pichincha,D,13,570.0,48.81,1,1,1,1,2017,8,11,4,32,Friday,0,0,0,0,0,736.0,767.0,711.0,748.0,644.8571428571429,166.42859186592912,648.7142857142857,172.7338675853373,666.0,158.66713351938967,93.55493169579981
2017-08-12,1,DAIRY,526.0,19,143,1.0,Quito,Pichincha,D,13,1004.0,48.403333333333336,0,0,0,0,2017,8,12,5,32,Saturday,1,0,0,0,2,343.0,624.0,676.0,615.0,584.2857142857143,190.04711195360068,622.4285714285714,189.69396985092095,651.5357142857143,169.03637174746018,622.3617035357838
2017-08-13,1,DAIRY,266.0,15,114,1.0,Quito,Pichincha,D,13,416.0,47.99666666666667,0,0,0,0,2017,8,13,6,32,Sunday,1,0,0,0,3,526.0,312.0,316.0,325.0,570.2857142857143,190.2434530504823,611.7142857142857,190.66903607739056,648.3571428571429,170.57858279999132,77.65445513813587
2017-08-14,1,DAIRY,699.0,23,160,1.0,Quito,Pichincha,D,13,1733.0,47.59,0,0,0,0,2017,8,14,0,33,Monday,0,0,0,0,1,266.0,717.0,727.0,795.0,563.7142857142857,201.13487538275828,608.1428571428571,196.9974061300757,646.25,175.027325908886,964.7668167418973
2017-08-15,1,DAIRY,602.0,19,149,1.0,Quito,Pichincha,D,13,1693.0,47.57,1,0,1,0,2017,8,15,1,33,Tuesday,0,0,0,0,5,699.0,569.0,668.0,777.0,561.1428571428571,198.9517768802509,606.1428571428571,195.83661052514665,642.8214285714286,172.93331053958482,842.9330955867144
2017-05-18,1,GROCERY I,2600.0,38,647,0.0,Quito,Pichincha,D,13,1662.0,49.36,0,0,0,0,2017,5,18,3,20,Thursday,0,0,0,0,4,3131.0,2233.0,2800.0,2546.0,2587.285714285714,839.9711729747497,2592.785714285714,727.8744797296782,2554.25,845.6767014251627,2843.287457304103
2017-05-19,1,GROCERY I,3077.0,36,692,0.0,Quito,Pichincha,D,13,1897.0,50.32,0,0,0,0,2017,5,19,4,20,Friday,0,0,0,0,0,2600.0,3532.0,2991.0,3112.0,2639.714285714286,825.5010022779564,2578.5,725.4533595780426,2556.1785714285716,845.718763059261,3181.642849339573
2017-05-20,1,GROCERY I,2573.0,43,685,0.0,Quito,Pichincha,D,13,1284.0,50.48333333333333,0,0,0,0,2017,5,20,5,20,Saturday,1,0,0,0,2,3077.0,2931.0,2752.0,2824.0,2574.714285714286,758.7469306441443,2584.6428571428573,729.5673751923442,2554.9285714285716,844.8922757795624,3035.4565809965716
2017-05-21,1,GROCERY I,1205.0,32,493,0.0,Quito,Pichincha,D,13,495.0,50.64666666666667,0,0,0,0,2017,5,21,6,20,Sunday,1,0,0,0,3,2573.0,931.0,1103.0,1163.0,2523.5714285714284,742.6232461445645,2571.8571428571427,727.9755762114768,2545.964285714286,843.2616782093908,1533.3636044608425
2017-05-22,1,GROCERY I,2842.0,39,696,0.0,Quito,Pichincha,D,13,1758.0,50.81,0,0,0,0,2017,5,22,0,21,Monday,0,0,0,0,1,1205.0,2531.0,2854.0,2540.0,2562.714285714286,645.5691840760188,2579.1428571428573,712.4898765426889,2547.464285714286,840.7441360966858,2785.2362640430306
2017-05-23,1,GROCERY I,2665.0,41,671,0.0,Quito,Pichincha,D,13,1701.0,51.12,0,0,0,0,2017,5,23,1,21,Tuesday,0,0,0,0,5,2842.0,2822.0,2763.0,2817.0,2607.1428571428573,653.6735751559402,2578.285714285714,712.1409139479863,2558.25,842.5799720259613,2926.1352102985925
2017-05-24,1,GROCERY I,3574.0,46,726,0.0,Quito,Pichincha,D,13,1844.0,50.99,0,0,0,0,2017,5,24,2,21,Wednesday,0,0,0,0,6,2665.0,3131.0,2925.0,2868.0,2584.714285714286,647.7393288161863,2571.285714285714,710.6657148348654,2552.8214285714284,841.3398949194548,3050.3554775316625
2017-05-25,1,GROCERY I,2505.0,40,681,0.0,Quito,Pichincha,D,13,1663.0,48.57,0,0,0,0,2017,5,25,3,21,Thursday,0,0,0,0,4,3574.0,2600.0,2233.0,2301.0,2648.0,726.8218488735779,2617.6428571428573,755.2804478768439,2578.035714285714,861.4736075208791,2846.844321928956
2017-05-26,1,GROCERY I,1301.0,31,493,0.0,Quito,Pichincha,D,13,580.0,49.58,1,1,1,1,2017,5,26,4,21,Friday,0,0,0,0,0,2505.0,3077.0,3532.0,2876.0,2634.4285714285716,728.7518684122132,2637.0714285714284,748.0891004404441,2585.3214285714284,859.9050788947616,2015.1742210483255
2017-05-27,1,GROCERY I,2166.0,33,609,0.0,Quito,Pichincha,D,13,1116.0,49.5925,0,0,0,0,2017,5,27,5,21,Saturday,1,0,0,0,2,1301.0,2573.0,2931.0,2426.0,2380.714285714286,848.3357657369955,2477.714285714286,779.74102491408,2529.0714285714284,891.1329837398032,2422.53292598664
2017-05-28,1,GROCERY I,1258.0,34,472,0.0,Quito,Pichincha,D,13,512.0,49.605,0,0,0,0,2017,5,28,6,21,Sunday,1,0,0,0,3,2166.0,1205.0,931.0,886.0,2322.5714285714284,846.906696384528,2423.0714285714284,772.3015019343837,2519.785714285714,893.5979855552324,1373.022496171958
2017-05-29,1,GROCERY I,2666.0,39,687,0.0,Quito,Pichincha,D,13,1750.0,49.6175,0,0,0,0,2017,5,29,0,22,Monday,0,0,0,0,1,1258.0,2842.0,2531.0,891.0,2330.1428571428573,835.4091669298817,2446.4285714285716,727.3408590713984,2533.0714285714284,870.8844771189703,2592.38916659073
2017-05-30,1,GROCERY I,2497.0,39,684,0.0,Quito,Pichincha,D,13,1770.0,49.63,0,0,0,0,2017,5,30,1,22,Tuesday,0,0,0,0,5,2666.0,2665.0,2822.0,4193.0,2305.0,819.9418678581239,2456.0714285714284,729.4401925487031,2596.464285714286,809.357837911249,3000.642153689595
2017-05-31,1,GROCERY I,3262.0,38,713,0.0,Quito,Pichincha,D,13,1878.0,48.29,0,0,0,0,2017,5,31,2,22,Wednesday,0,0,0,0,6,2497.0,3574.0,3131.0,3777.0,2281.0,810.0473237204534,2432.8571428571427,722.0326923285426,2535.8928571428573,746.4697329224556,3120.8984217448487
2017-06-01,1,GROCERY I,2774.0,1,717,0.0,Quito,Pichincha,D,13,1815.0,48.32,0,0,0,0,2017,6,1,3,22,Thursday,0,0,0,0,4,3262.0,2505.0,2600.0,2800.0,2236.4285714285716,731.8544612017845,2442.214285714286,732.5484681860669,2517.5,720.6548719355568,3017.0120357625888
2017-06-02,1,GROCERY I,2953.0,33,685,0.0,Quito,Pichincha,D,13,1925.0,47.68,0,0,0,0,2017,6,2,4,22,Friday,0,0,0,0,0,2774.0,1301.0,3077.0,2991.0,2274.8571428571427,755.003405857977,2454.6428571428573,736.8945866731051,2516.5714285714284,720.2940463640683,2980.039513974787
2017-06-03,1,GROCERY I,2996.0,35,708,0.0,Quito,Pichincha,D,13,1420.0,47.586666666666666,0,0,0,0,2017,6,3,5,22,Saturday,1,0,0,0,2,2953.0,2166.0,2573.0,2752.0,2510.8571428571427,650.8697843581929,2445.785714285714,729.5472967818831,2515.214285714286,719.4022908530841,3019.8231715175034
2017-06-04,1,GROCERY I,1148.0,22,468,0.0,Quito,Pichincha,D,13,525.0,47.49333333333333,0,0,0,0,2017,6,4,6,22,Sunday,1,0,0,0,3,2996.0,1258.0,1205.0,1103.0,2629.4285714285716,653.1732432626823,2476.0,743.840450220751,2523.9285714285716,723.8408833014573,1655.50893666609
2017-06-05,1,GROCERY I,3071.0,36,711,0.0,Quito,Pichincha,D,13,1883.0,47.4,0,0,0,0,2017,6,5,0,23,Monday,0,0,0,0,1,1148.0,2666.0,2842.0,2854.0,2613.714285714286,691.8450487129156,2471.9285714285716,751.449518677651,2525.535714285714,720.6119047002879,2961.9992945433773
2017-06-06,1,GROCERY I,3383.0,37,723,0.0,Quito,Pichincha,D,13,1816.0,48.13,0,0,0,0,2017,6,6,1,23,Tuesday,0,0,0,0,5,3071.0,2497.0,2665.0,2763.0,2671.5714285714284,713.5406685776862,2488.285714285714,762.5352883205207,2533.285714285714,725.4260999268198,3121.8176797589904
2017-06-07,1,GROCERY I,3353.0,55,710,0.0,Quito,Pichincha,D,13,1889.0,45.8,0,0,0,0,2017,6,7,2,23,Wednesday,0,0,0,0,6,3383.0,3262.0,3574.0,2925.0,2798.1428571428573,754.8018346054918,2539.5714285714284,798.6259078312783,2555.4285714285716,741.9713196299772,3392.4084798293043
2017-06-08,1,GROCERY I,2902.0,51,666,0.0,Quito,Pichincha,D,13,1694.0,45.68,0,0,0,0,2017,6,8,3,23,Thursday,0,0,0,0,4,3353.0,2774.0,2505.0,2233.0,2811.1428571428573,764.8392921765654,2523.785714285714,778.5379965601584,2570.714285714286,754.1753827436421,2926.511282142426
2017-06-09,1,GROCERY I,3105.0,44,743,0.0,Quito,Pichincha,D,13,1886.0,45.82,0,0,0,0,2017,6,9,4,23,Friday,0,0,0,0,0,2902.0,2953.0,1301.0,3532.0,2829.4285714285716,765.3332296333142,2552.1428571428573,785.0043465967667,2594.6071428571427,753.6771260410336,3043.0714845272573
2017-06-10,1,GROCERY I,3109.0,51,684,0.0,Quito,Pichincha,D,13,1362.0,45.91333333333333,0,0,0,0,2017,6,10,5,23,Saturday,1,0,0,0,2,3105.0,2996.0,2166.0,2931.0,2851.1428571428573,771.5545840642017,2681.0,708.1312351208891,2579.3571428571427,738.1677122636717,3103.2064646671724
2017-06-11,1,GROCERY I,1352.0,38,519,0.0,Quito,Pichincha,D,13,585.0,46.00666666666667,0,0,0,0,2017,6,11,6,23,Sunday,1,0,0,0,3,3109.0,1148.0,1258.0,931.0,2867.285714285714,776.258271944275,2748.3571428571427,700.180702735733,2585.714285714286,742.064430523139,1859.4917968392626
2017-06-12,1,GROCERY I,2601.0,45,671,0.0,Quito,Pichincha,D,13,1711.0,46.1,0,0,0,0,2017,6,12,0,24,Monday,0,0,0,0,1,1352.0,3071.0,2666.0,2531.0,2896.4285714285716,701.1494983579654,2755.0714285714284,685.0775884509655,2600.75,710.9058188911844,2881.6900883413914
2017-06-13,1,GROCERY I,2426.0,44,678,0.0,Quito,Pichincha,D,13,1766.0,46.41,0,0,0,0,2017,6,13,1,24,Tuesday,0,0,0,0,5,2601.0,3383.0,2497.0,2822.0,2829.285714285714,704.1436203611056,2750.4285714285716,685.9473756767284,2603.25,710.7745188642308,3043.423410552806
2017-06-14,1,GROCERY I,4411.0,65,705,0.0,Quito,Pichincha,D,13,1832.0,44.79,0,0,0,0,2017,6,14,2,24,Wednesday,0,0,0,0,6,2426.0,3353.0,3262.0,3131.0,2692.5714285714284,670.8345193719222,2745.3571428571427,688.2238686696226,2589.1071428571427,710.2001981333032,3148.12417376903
2017-06-15,1,GROCERY I,3189.0,63,672,0.0,Quito,Pichincha,D,13,1776.0,44.47,0,0,0,0,2017,6,15,3,24,Thursday,0,0,0,0,4,4411.0,2902.0,2774.0,2600.0,2843.714285714286,918.0627637015048,2827.4285714285716,811.9598052087998,2634.8214285714284,783.7589412838242,3322.397932302046
2017-06-16,1,GROCERY I,2991.0,53,678,0.0,Quito,Pichincha,D,13,1946.0,44.73,0,0,0,0,2017,6,16,4,24,Friday,0,0,0,0,0,3189.0,3105.0,2953.0,3077.0,2884.714285714286,927.460100540851,2857.0714285714284,817.4162355848998,2655.8571428571427,790.6635616524144,3331.3573471419163
2017-06-17,1,GROCERY I,3016.0,49,694,0.0,Quito,Pichincha,D,13,1388.0,44.56666666666666,0,0,0,0,2017,6,17,5,24,Saturday,1,0,0,0,2,2991.0,3109.0,2996.0,2573.0,2868.4285714285716,923.9415308237635,2859.785714285714,817.822265679863,2652.785714285714,789.1325456494543,3232.5575040116278
2017-06-18,1,GROCERY I,1223.0,40,448,0.0,Quito,Pichincha,D,13,577.0,44.403333333333336,0,0,0,0,2017,6,18,6,24,Sunday,1,0,0,0,3,3016.0,1352.0,1148.0,1205.0,2855.1428571428573,920.5681992790195,2861.214285714286,818.0959299186353,2668.6071428571427,791.9096627906355,1753.877554936011
2017-06-19,1,GROCERY I,3373.0,47,691,0.0,Quito,Pichincha,D,13,1747.0,44.24,0,0,0,0,2017,6,19,0,25,Monday,0,0,0,0,1,1223.0,2601.0,3071.0,2842.0,2836.714285714286,956.2730980714897,2866.5714285714284,806.1729833732121,2669.25,790.6838870618734,2974.933224699985
2017-06-20,1,GROCERY I,4578.0,48,682,0.0,Quito,Pichincha,D,13,1778.0,43.34,0,0,0,0,2017,6,20,1,25,Tuesday,0,0,0,0,5,3373.0,2426.0,3383.0,2665.0,2947.0,968.9900240284596,2888.1428571428573,816.043820198096,2688.214285714286,801.2776536924595,3270.3026573064626
2017-06-21,1,GROCERY I,2898.0,80,700,0.0,Quito,Pichincha,D,13,1841.0,42.48,0,0,0,0,2017,6,21,2,25,Wednesday,0,0,0,0,6,4578.0,4411.0,3353.0,3574.0,3254.4285714285716,1107.608814389944,2973.5,926.7722938324004,2756.535714285714,877.1859671127256,3815.9973648911628
2017-06-22,1,GROCERY I,2499.0,56,674,0.0,Quito,Pichincha,D,13,1739.0,42.53,0,0,0,0,2017,6,22,3,25,Thursday,0,0,0,0,4,2898.0,3189.0,2902.0,2505.0,3038.285714285714,985.15171662131,2941.0,920.3963193186777,2732.3928571428573,863.0423078460819,3062.08611697918
2017-06-23,1,GROCERY I,2664.0,57,693,0.0,Quito,Pichincha,D,13,1843.0,42.86,1,0,1,0,2017,6,23,4,25,Friday,0,0,0,0,0,2499.0,2991.0,3105.0,1301.0,2939.714285714286,1001.9350801134336,2912.214285714286,927.9806180478732,2732.1785714285716,863.1016013996501,2990.1102462050785
2017-06-24,1,GROCERY I,2877.0,55,683,0.0,Quito,Pichincha,D,13,1299.0,42.986666666666665,0,0,0,0,2017,6,24,5,25,Saturday,1,0,0,0,2,2664.0,3016.0,3109.0,2166.0,2893.0,1006.7568392284905,2880.714285714286,928.4178791049557,2780.8571428571427,816.5765353567637,3017.5490576109173
2017-06-25,1,GROCERY I,1264.0,48,471,0.0,Quito,Pichincha,D,13,517.0,43.11333333333334,1,0,3,0,2017,6,25,6,25,Sunday,1,0,0,0,3,2877.0,1223.0,1352.0,1258.0,2873.1428571428573,1005.2962131583325,2864.1428571428573,926.0973413817102,2806.25,807.7555839072558,1716.4071299120849
2017-06-26,1,GROCERY I,2813.0,45,648,0.0,Quito,Pichincha,D,13,1752.0,43.24,0,0,0,0,2017,6,26,0,26,Monday,0,0,0,0,1,1264.0,3373.0,2601.0,2666.0,2879.0,994.1371468095708,2857.8571428571427,937.3801344617364,2806.464285714286,807.3303276457082,2823.4519842033524
2017-06-27,1,GROCERY I,2653.0,46,672,0.0,Quito,Pichincha,D,13,1764.0,44.25,0,0,0,0,2017,6,27,1,26,Tuesday,0,0,0,0,5,2813.0,4578.0,2426.0,2497.0,2799.0,969.9975944987389,2873.0,934.6198733668645,2811.714285714286,806.8608975136463,3076.2041794887386
2017-06-28,1,GROCERY I,3003.0,53,688,0.0,Quito,Pichincha,D,13,1906.0,44.74,0,0,0,0,2017,6,28,2,26,Wednesday,0,0,0,0,6,2653.0,2898.0,4411.0,3262.0,2524.0,573.3631775178247,2889.214285714286,928.2156727640515,2817.285714285714,805.14405691216,3148.023739670722
2017-06-29,1,GROCERY I,2603.0,59,679,0.0,Quito,Pichincha,D,13,1645.0,44.88,0,0,0,0,2017,6,29,3,26,Thursday,0,0,0,0,4,3003.0,2499.0,3189.0,2774.0,2539.0,586.0122296789862,2788.6428571428573,820.6989148227237,2808.035714285714,801.3243890304633,2772.1049997597806
2017-06-30,1,GROCERY I,2916.0,70,677,0.0,Quito,Pichincha,D,13,1852.0,46.02,0,0,0,0,2017,6,30,4,26,Friday,0,0,0,0,0,2603.0,2664.0,2991.0,2953.0,2553.8571428571427,586.1474298534569,2746.785714285714,813.6223068732485,2801.9285714285716,802.2444870058226,2853.88713315203
2017-07-01,1,GROCERY I,2871.0,56,695,0.0,Quito,Pichincha,D,13,1362.0,45.838,0,0,0,0,2017,7,1,5,26,Saturday,1,0,0,0,2,2916.0,2877.0,3016.0,2996.0,2589.8571428571427,601.5752733647,2741.4285714285716,812.1361873560218,2800.6071428571427,802.016871499179,3060.8637707008234
2017-07-02,1,GROCERY I,1222.0,54,492,0.0,Quito,Pichincha,D,13,542.0,45.656,0,0,0,0,2017,7,2,6,26,Sunday,1,0,0,0,3,2871.0,1264.0,1223.0,1148.0,2589.0,601.1020434723797,2731.0714285714284,809.2848185789761,2796.1428571428573,801.2364849168584,1618.9224265613798
2017-07-03,1,GROCERY I,2952.0,56,692,0.0,Quito,Pichincha,D,13,1890.0,45.474,1,0,2,0,2017,7,3,0,27,Monday,0,0,0,0,1,1222.0,2813.0,3373.0,3071.0,2583.0,616.5433209975358,2731.0,809.4281932327219,2798.785714285714,795.7017102157253,3001.076103452041
2017-07-04,1,GROCERY I,2759.0,60,691,0.0,Quito,Pichincha,D,13,1803.0,45.292,0,0,0,0,2017,7,4,1,27,Tuesday,0,0,0,0,5,2952.0,2653.0,4578.0,3383.0,2602.8571428571427,627.3296391774267,2700.9285714285716,791.3609955479953,2794.535714285714,794.5108200155057,3316.345079451217
2017-07-05,1,GROCERY I,3147.0,80,702,0.0,Quito,Pichincha,D,13,1913.0,45.11,0,0,0,0,2017,7,5,2,27,Wednesday,0,0,0,0,6,2759.0,3003.0,2898.0,3353.0,2618.0,630.0153437284981,2571.0,580.7762709710754,2772.25,786.100249237888,3100.7753973786666
2017-07-06,1,GROCERY I,2550.0,58,660,0.0,Quito,Pichincha,D,13,1698.0,45.52,0,0,0,0,2017,7,6,3,27,Thursday,0,0,0,0,4,3147.0,2603.0,2499.0,2902.0,2638.5714285714284,646.8087963591896,2588.785714285714,595.1943675513286,2764.8928571428573,781.4136922690988,2835.71269261298
2017-07-07,1,GROCERY I,2972.0,47,706,0.0,Quito,Pichincha,D,13,1843.0,44.25,0,0,0,0,2017,7,7,4,27,Friday,0,0,0,0,0,2550.0,2916.0,2664.0,3105.0,2631.0,647.6043030534447,2592.4285714285716,594.7584790077726,2752.3214285714284,781.9575177231986,2982.521486113053
2017-07-08,1,GROCERY I,2561.0,45,676,0.0,Quito,Pichincha,D,13,1366.0,44.3,0,0,0,0,2017,7,8,5,27,Saturday,1,0,0,0,2,2972.0,2871.0,2877.0,3109.0,2639.0,652.0424321570936,2614.4285714285716,603.2454168636705,2747.5714285714284,780.1376625229609,3051.8418003222287
2017-07-09,1,GROCERY I,1140.0,27,445,0.0,Quito,Pichincha,D,13,579.0,44.35,0,0,0,0,2017,7,9,6,27,Sunday,1,0,0,0,3,2561.0,1222.0,1264.0,1352.0,2594.714285714286,644.1386274930076,2591.8571428571427,598.558763536701,2728.0,777.604393372754,1545.117750050448
2017-07-10,1,GROCERY I,2849.0,46,672,0.0,Quito,Pichincha,D,13,1814.0,44.4,0,0,0,0,2017,7,10,0,28,Monday,0,0,0,0,1,1140.0,2952.0,2813.0,2601.0,2583.0,673.3468645505108,2583.0,620.2437486120266,2720.4285714285716,792.3900754969409,2806.3974867831075
2017-07-11,1,GROCERY I,2712.0,47,679,0.0,Quito,Pichincha,D,13,1760.0,45.06,0,0,0,0,2017,7,11,1,28,Tuesday,0,0,0,0,5,2849.0,2759.0,2653.0,2426.0,2568.285714285714,665.0132114691972,2585.5714285714284,621.3442888405078,2729.285714285714,792.3917314590507,2901.0436474655253
2017-07-12,1,GROCERY I,3185.0,59,709,0.0,Quito,Pichincha,D,13,1970.0,45.48,0,0,0,0,2017,7,12,2,28,Wednesday,0,0,0,0,6,2712.0,3147.0,3003.0,4411.0,2561.5714285714284,663.0009696179104,2589.785714285714,622.036503822648,2739.5,790.1776874714916,3240.1747647454526
2017-07-13,1,GROCERY I,2571.0,47,645,0.0,Quito,Pichincha,D,13,1679.0,46.06,0,0,0,0,2017,7,13,3,28,Thursday,0,0,0,0,4,3185.0,2550.0,2603.0,3189.0,2567.0,668.7241583792257,2602.785714285714,633.1393307068381,2695.714285714286,725.4413143246776,2839.533130128268
2017-07-14,1,GROCERY I,3182.0,58,695,0.0,Quito,Pichincha,D,13,1867.0,46.53,0,0,0,0,2017,7,14,4,28,Friday,0,0,0,0,0,2571.0,2972.0,2916.0,2991.0,2570.0,668.6822862914822,2600.5,633.1962570956898,2673.6428571428573,719.2521946971966,3027.100773171334
2017-07-15,1,GROCERY I,2297.0,43,649,0.0,Quito,Pichincha,D,13,1338.0,46.36,0,0,0,0,2017,7,15,5,28,Saturday,1,0,0,0,2,3182.0,2561.0,2871.0,3016.0,2600.0,693.9567709879371,2619.5,647.2269546065131,2680.464285714286,723.2680196904139,3001.0206095544813
2017-07-16,1,GROCERY I,1028.0,39,441,0.0,Quito,Pichincha,D,13,518.0,46.190000000000005,0,0,0,0,2017,7,16,6,28,Sunday,1,0,0,0,3,2297.0,1140.0,1222.0,1223.0,2562.285714285714,703.5371855336256,2578.5,648.2494474766927,2654.785714285714,723.677509368746,1446.1248934142739
2017-07-17,1,GROCERY I,2721.0,52,680,0.0,Quito,Pichincha,D,13,1739.0,46.02,0,0,0,0,2017,7,17,0,29,Monday,0,0,0,0,1,1028.0,2849.0,2952.0,3373.0,2546.285714285714,741.52224383038,2564.6428571428573,680.7363216109678,2647.8214285714284,738.7479424585805,2841.6399064194857
2017-07-18,1,GROCERY I,3370.0,54,672,0.0,Quito,Pichincha,D,13,1733.0,46.4,0,0,0,0,2017,7,18,1,29,Tuesday,0,0,0,0,5,2721.0,2712.0,2759.0,4578.0,2528.0,734.3568614781258,2548.1428571428573,673.3850032762493,2624.535714285714,725.1947111277301,3070.653629090223
2017-07-19,1,GROCERY I,3065.0,76,709,0.0,Quito,Pichincha,D,13,1797.0,47.1,0,0,0,0,2017,7,19,2,29,Wednesday,0,0,0,0,6,3370.0,3185.0,3147.0,2898.0,2622.0,800.9302924308317,2591.785714285714,707.0599124403892,2581.3928571428573,635.0000489522214,3231.6146309490077
2017-07-20,1,GROCERY I,2592.0,64,684,0.0,Quito,Pichincha,D,13,1774.0,46.73,0,0,0,0,2017,7,20,3,29,Thursday,0,0,0,0,4,3065.0,2571.0,2550.0,2499.0,2604.8571428571427,788.0523308705332,2585.9285714285716,702.4313231457256,2587.3571428571427,638.8565140175508,2921.475657283854
2017-07-21,1,GROCERY I,2725.0,61,695,0.0,Quito,Pichincha,D,13,1878.0,45.78,0,0,0,0,2017,7,21,4,29,Friday,0,0,0,0,0,2592.0,3182.0,2972.0,2664.0,2607.8571428571427,787.9419243767146,2588.9285714285716,702.3557573552742,2590.6785714285716,638.6218410140054,3076.0562800517564
2017-07-22,1,GROCERY I,2576.0,65,677,0.0,Quito,Pichincha,D,13,1333.0,45.92333333333333,0,0,0,0,2017,7,22,5,29,Saturday,1,0,0,0,2,2725.0,2297.0,2561.0,2877.0,2542.5714285714284,750.4844784410639,2571.285714285714,695.0573223257724,2592.8571428571427,638.9851742490313,2886.4730479832365
2017-07-23,1,GROCERY I,1371.0,45,474,0.0,Quito,Pichincha,D,13,547.0,46.06666666666667,1,0,1,0,2017,7,23,6,29,Sunday,1,0,0,0,3,2576.0,1028.0,1140.0,1264.0,2582.4285714285716,742.6364873751869,2572.3571428571427,695.0518084887685,2582.1071428571427,636.5551583144473,1544.4017201875868
2017-07-24,1,GROCERY I,2612.0,55,667,0.0,Quito,Pichincha,D,13,1807.0,46.21,1,0,1,0,2017,7,24,0,30,Monday,0,0,0,0,1,1371.0,2721.0,2849.0,2813.0,2631.4285714285716,624.9743613788943,2588.8571428571427,660.3065555124668,2585.9285714285716,628.6208259810953,2826.6645926780507
2017-07-25,1,GROCERY I,2405.0,63,644,0.0,Quito,Pichincha,D,13,1785.0,47.77,1,0,1,0,2017,7,25,1,30,Tuesday,0,0,0,0,5,2612.0,3370.0,2712.0,2653.0,2615.8571428571427,623.7273519125273,2571.9285714285716,656.1490759652879,2578.75,627.0775027414521,2907.776460114549
2017-07-26,1,GROCERY I,2878.0,69,682,0.0,Quito,Pichincha,D,13,1903.0,48.58,0,0,0,0,2017,7,26,2,30,Wednesday,0,0,0,0,6,2405.0,3065.0,3185.0,3003.0,2478.0,528.6637242457024,2550.0,656.2377617906423,2569.8928571428573,627.7410022238687,2969.578266496372
2017-07-27,1,GROCERY I,2466.0,54,658,0.0,Quito,Pichincha,D,13,1729.0,49.05,0,0,0,0,2017,7,27,3,30,Thursday,0,0,0,0,4,2878.0,2592.0,2571.0,2603.0,2451.285714285714,497.8867723641997,2528.0714285714284,638.269953050451,2565.4285714285716,624.9852400373638,2713.3857361164955
2017-07-28,1,GROCERY I,2622.0,44,676,0.0,Quito,Pichincha,D,13,1848.0,49.72,0,0,0,0,2017,7,28,4,30,Friday,0,0,0,0,0,2466.0,2725.0,3182.0,2916.0,2433.285714285714,494.2157809046978,2520.5714285714284,638.3436154835134,2560.535714285714,625.2164355404071,2888.331782886753
2017-07-29,1,GROCERY I,2446.0,53,664,0.0,Quito,Pichincha,D,13,1251.0,49.88333333333333,0,0,0,0,2017,7,29,5,30,Saturday,1,0,0,0,2,2622.0,2576.0,2297.0,2871.0,2418.5714285714284,485.5401998952174,2480.5714285714284,610.6537120528694,2550.035714285714,621.4832009375873,2677.5163302372807
2017-07-30,1,GROCERY I,1086.0,42,435,0.0,Quito,Pichincha,D,13,519.0,50.04666666666667,0,0,0,0,2017,7,30,6,30,Sunday,1,0,0,0,3,2446.0,1371.0,1028.0,1222.0,2400.0,480.979902560043,2491.214285714286,608.5028510863464,2534.8571428571427,618.5368466694937,1364.0007411431377
2017-07-31,1,GROCERY I,2966.0,54,708,0.0,Quito,Pichincha,D,13,1872.0,50.21,0,0,0,0,2017,7,31,0,31,Monday,0,0,0,0,1,1086.0,2612.0,2721.0,2952.0,2359.285714285714,583.6953298556015,2495.3571428571427,597.8792786743193,2530.0,629.6619904537927,2809.8309933215014
2017-08-01,1,GROCERY I,2872.0,45,698,0.0,Quito,Pichincha,D,13,1795.0,49.19,0,0,0,0,2017,8,1,1,31,Tuesday,0,0,0,0,5,2966.0,2405.0,3370.0,2759.0,2409.8571428571427,623.2357575779902,2512.8571428571427,608.4834688536116,2530.5,630.0149616095333,3142.0536686488445
2017-08-02,1,GROCERY I,3247.0,58,715,0.0,Quito,Pichincha,D,13,1892.0,49.6,0,0,0,0,2017,8,2,2,31,Wednesday,0,0,0,0,6,2872.0,2878.0,3065.0,3147.0,2476.5714285714284,647.1648056826704,2477.285714285714,567.7115232460641,2534.535714285714,631.8920138724474,3193.076687314844
2017-08-03,1,GROCERY I,2177.0,29,616,0.0,Quito,Pichincha,D,13,1726.0,49.03,0,0,0,0,2017,8,3,3,31,Thursday,0,0,0,0,4,3247.0,2466.0,2592.0,2550.0,2529.285714285714,698.3191042987258,2490.285714285714,584.0533996359975,2538.1071428571427,635.7526504385904,2854.145840288691
2017-08-04,1,GROCERY I,2778.0,35,666,0.0,Quito,Pichincha,D,13,1847.0,49.57,0,0,0,0,2017,8,4,4,31,Friday,0,0,0,0,0,2177.0,2622.0,2725.0,2972.0,2488.0,711.1101649299281,2460.6428571428573,589.0043237588213,2524.785714285714,639.3916875896493,2906.3383012720315
2017-08-05,1,GROCERY I,2034.0,29,642,0.0,Quito,Pichincha,D,13,1251.0,49.50333333333333,1,0,1,0,2017,8,5,5,31,Saturday,1,0,0,0,2,2778.0,2446.0,2576.0,2561.0,2510.285714285714,718.4164795543329,2464.4285714285716,591.0010691498424,2517.8571428571427,635.4047828709251,2829.690808667644
2017-08-06,1,GROCERY I,1025.0,29,448,0.0,Quito,Pichincha,D,13,507.0,49.43666666666667,0,0,0,0,2017,8,6,6,31,Sunday,1,0,0,0,3,2034.0,1086.0,1371.0,1140.0,2451.4285714285716,741.0802604178274,2425.714285714286,600.8011866949495,2499.035714285714,641.8519779826346,1479.926855161332
2017-08-07,1,GROCERY I,2551.0,44,673,0.0,Quito,Pichincha,D,13,1665.0,49.37,0,0,0,0,2017,8,7,0,32,Monday,0,0,0,0,1,1025.0,2966.0,2612.0,2849.0,2442.714285714286,759.9310745687668,2401.0,652.4235292648906,2494.9285714285716,651.1706795981087,2758.6410066114377
2017-08-08,1,GROCERY I,3062.0,35,660,0.0,Quito,Pichincha,D,13,1766.0,49.07,0,0,0,0,2017,8,8,1,32,Tuesday,0,0,0,0,5,2551.0,2872.0,2405.0,2712.0,2383.4285714285716,727.812443134187,2396.6428571428573,651.1083576537683,2484.285714285714,647.5948011334209,2881.5785357090554
2017-08-09,1,GROCERY I,2719.0,46,671,0.0,Quito,Pichincha,D,13,1766.0,49.59,0,0,0,0,2017,8,9,2,32,Wednesday,0,0,0,0,6,3062.0,3247.0,2878.0,3185.0,2410.5714285714284,752.2040629915225,2443.5714285714284,674.9954660002335,2496.785714285714,655.482822169078,3086.134578102673
2017-08-10,1,GROCERY I,2591.0,31,671,0.0,Quito,Pichincha,D,13,1764.0,48.54,0,0,0,0,2017,8,10,3,32,Thursday,0,0,0,0,4,2719.0,2177.0,2466.0,2571.0,2335.1428571428573,677.0714951346059,2432.214285714286,668.4294081100614,2480.1428571428573,643.1618490093861,2764.9164115560147
2017-08-11,1,GROCERY I,1270.0,24,471,0.0,Quito,Pichincha,D,13,570.0,48.81,1,1,1,1,2017,8,11,4,32,Friday,0,0,0,0,0,2591.0,2778.0,2622.0,3182.0,2394.285714285714,679.0340478173682,2441.1428571428573,669.7489606783005,2480.8571428571427,643.2775862021474,1870.577081123149
2017-08-12,1,GROCERY I,1630.0,28,591,0.0,Quito,Pichincha,D,13,1004.0,48.403333333333336,0,0,0,0,2017,8,12,5,32,Saturday,1,0,0,0,2,1270.0,2034.0,2446.0,2297.0,2178.8571428571427,770.1124222197318,2344.5714285714284,735.8736005890896,2412.5714285714284,667.1324721895508,2216.341144436949
2017-08-13,1,GROCERY I,952.0,19,414,0.0,Quito,Pichincha,D,13,416.0,47.99666666666667,0,0,0,0,2017,8,13,6,32,Sunday,1,0,0,0,3,1630.0,1025.0,1086.0,1028.0,2121.1428571428573,797.4315913337906,2286.285714285714,759.1692249346703,2388.75,683.1286210977903,1187.8843875322243
2017-08-14,1,GROCERY I,2407.0,30,677,0.0,Quito,Pichincha,D,13,1733.0,47.59,0,0,0,0,2017,8,14,0,33,Monday,0,0,0,0,1,952.0,2551.0,2966.0,2721.0,2110.714285714286,814.4514952378913,2276.714285714286,776.1216626050527,2386.035714285714,688.8624806126203,2741.5373751056536
2017-08-15,1,GROCERY I,2509.0,29,641,0.0,Quito,Pichincha,D,13,1693.0,47.57,1,0,1,0,2017,8,15,1,33,Tuesday,0,0,0,0,5,2407.0,3062.0,2872.0,3370.0,2090.1428571428573,803.2184071121677,2236.785714285714,751.9350604705382,2374.8214285714284,685.7563574229821,2874.443006275314
